CUE, TARGET, NORMED?, #G, #P, FSG, BSG, MSG, OSG, #M, MMIAS, #O, OMIAS, QSS, QFR, QCON, QH, QPS, QMC, QPR, QRSG, QUC, TSS, TFR, TCON, TH, TPS, TMC, TPR, TRSG, TUC
CAB, TAXI, YES, 127, 49, .386, .537, .0060, .0347, 2, 0, 4.0, 3, 9, 12, 6.32, , N, 2.00, .33, .210, 1, 7, 16, 6.28, G, N, 1.67, .33, .211, 1
CAB, YELLOW, YES, 127, 17, .134, .014, .0370, 0.0000, 1, 0, 0.0, 0, 9, 12, 6.32, , N, 2.00, .33, .210, 1, 20, 55, 5.18, N, N, 2.21, .58, .043, 1
CAB, DRIVER, YES, 127, 14, .110, 0.000, .0400, .0510, 2, 0, 3.0, 1, 9, 12, 6.32, , N, 2.00, .33, .210, 1, 16, 79, ¥, G, N, 1.88, .44, .047, 1
CAB, CAR, YES, 127, 11, .087, 0.000, .1060, .0014, 4, 0, 3.0, 1, 9, 12, 6.32, , N, 2.00, .33, .210, 1, 25, 274, 6.35, , N, 2.50, .91, .259, 1
CAB, NEW YORK, YES, 127, 9, .071, 0.000, .0020, .0092, 1, 0, 1.0, 0, 9, 12, 6.32, , N, 2.00, .33, .210, 1, 15, 1, ¥, , N, 1.17, .17, .027, 0
CAB, BUS, YES, 127, 5, .039, .016, .0040, .0477, 2, 0, 5.0, 3, 9, 12, 6.32, , N, 2.00, .33, .210, 1, 17, 34, 6.53, , N, 2.00, .38, .020, 1
CAB, CITY, YES, 127, 3, .024, 0.000, .0280, .0047, 2, 0, 1.0, 0, 9, 12, 6.32, , N, 2.00, .33, .210, 1, 18, 393, 5.41, , N, 1.19, .63, .224, 1
CAB, MONEY, YES, 127, 3, .024, 0.000, .0010, 0.0000, 1, 0, 0.0, 0, 9, 12, 6.32, , N, 2.00, .33, .210, 1, 19, 265, 5.77, , N, 1.39, .89, .312, 1
CAB, RIDE, YES, 127, 3, .024, 0.000, .0090, .0138, 3, 0, 1.0, 0, 9, 12, 6.32, , N, 2.00, .33, .210, 1, 14, 49, 4.14, , V, 1.50, .33, .113, 1
CABBAGE, LETTUCE, YES, 139, 39, .281, .021, .0090, .0139, 2, 0, 6.0, 5, 15, 4, 6.07, , N, 2.00, .27, .025, 1, 11, 0, 5.67, , N, 2.45, .27, .105, 1
CABBAGE, VEGETABLE, YES, 139, 19, .137, 0.000, 0.0000, .0117, 0, 0, 4.0, 4, 15, 4, 6.07, , N, 2.00, .27, .025, 1, 14, 10, 6.76, , N, 2.23, .39, .019, 1
CABBAGE, PATCH, YES, 139, 16, .115, .066, 0.0000, 0.0000, 0, 0, 0.0, 0, 15, 4, 6.07, , N, 2.00, .27, .025, 1, 21, 13, ¥, , N, .63, .26, .010, 1
CABBAGE, GREEN, YES, 139, 11, .079, 0.000, .0350, .0018, 5, 0, 2.0, 0, 15, 4, 6.07, , N, 2.00, .27, .025, 1, 17, 116, 5.46, N, N, 1.19, .94, .142, 1
CABBAGE, COLESLAW, YES, 139, 6, .043, .124, 0.0000, .0182, 0, 0, 5.0, 5, 15, 4, 6.07, , N, 2.00, .27, .025, 1, 21, 0, ¥, , N, 2.42, .05, .005, 1
CABBAGE, CORNBEEF, YES, 139, 5, .036, .167, 0.0000, .0035, 0, 0, 1.0, 1, 15, 4, 6.07, , N, 2.00, .27, .025, 1, 11, 0, ¥, , N, 2.00, .11, .006, 0
CABBAGE, LEAF, YES, 139, 4, .029, 0.000, .0060, .0033, 2, 0, 1.0, 0, 15, 4, 6.07, , N, 2.00, .27, .025, 1, 10, 12, 5.89, N, N, 2.30, .60, .110, 1
CABBAGE, RABBIT, YES, 139, 4, .029, 0.000, .0080, .0013, 1, 0, 2.0, 2, 15, 4, 6.07, , N, 2.00, .27, .025, 1, 27, 11, 6.04, , N, 1.46, .38, .106, 1
CABBAGE, RED, YES, 139, 4, .029, 0.000, .0030, .0037, 2, 0, 2.0, 0, 15, 4, 6.07, , N, 2.00, .27, .025, 1, 14, 197, 4.97, , N, 2.31, .85, .079, 1
CABBAGE, FOOD, YES, 139, 3, .022, 0.000, .0250, 0.0000, 8, 0, 0.0, 0, 15, 4, 6.07, , N, 2.00, .27, .025, 1, 18, 147, 5.84, , N, 1.69, .63, .203, 1
CABBAGE, HEAD, YES, 139, 3, .022, 0.000, .0230, 0.0000, 1, 0, 0.0, 0, 15, 4, 6.07, , N, 2.00, .27, .025, 1, 15, 424, 5.98, N, N, .87, .60, .079, 1
CABBAGE, SALAD, YES, 139, 3, .022, 0.000, .0850, .0894, 4, 0, 3.0, 2, 15, 4, 6.07, , N, 2.00, .27, .025, 1, 15, 9, 6.83, , N, 1.73, .47, .176, 1
CABBAGE, SOUP, YES, 139, 2, .014, 0.000, .0030, .0012, 1, 0, 2.0, 2, 15, 4, 6.07, , N, 2.00, .27, .025, 1, 25, 16, 6.11, , N, 2.38, .54, .059, 1
CABBAGE, WHITE, YES, 139, 2, .014, 0.000, .0060, .0005, 3, 0, 1.0, 0, 15, 4, 6.07, , N, 2.00, .27, .025, 1, 8, 365, 4.68, , N, .88, .88, .390, 1
CABBAGE, YUCK, YES, 139, 2, .014, 0.000, .0010, .0005, 1, 0, 1.0, 1, 15, 4, 6.07, , N, 2.00, .27, .025, 1, 15, 0, ¥, , I, 2.07, .43, .019, 1
CABIN, LOG, YES, 147, 61, .415, .109, .0010, .0075, 1, 1, 1.0, 0, 9, 23, 6.96, , N, .88, .50, .050, 1, 9, 11, 6.86, N, N, 1.33, .44, .059, 1
CABIN, HOUSE, YES, 147, 25, .170, 0.000, .0080, 0.0000, 2, 1, 0.0, 0, 9, 23, 6.96, , N, .88, .50, .050, 1, 13, 591, 6.21, , N, 1.00, .85, .223, 1
CABIN, WOODS, YES, 147, 21, .143, .026, .0010, .0009, 2, 1, 1.0, 1, 9, 23, 6.96, , N, .88, .50, .050, 1, 14, 25, 6.87, , N, 1.36, .29, .028, 1
CABIN, MOUNTAIN, YES, 147, 5, .034, 0.000, .0040, 0.0000, 1, 1, 0.0, 0, 9, 23, 6.96, , N, .88, .50, .050, 1, 17, 33, 6.25, , N, 1.29, .50, .169, 1
CABIN, WOOD, YES, 147, 4, .027, 0.000, .1160, .0165, 1, 1, 2.0, 1, 9, 23, 6.96, , N, .88, .50, .050, 1, 26, 55, 5.81, , N, 1.73, .50, .029, 1
CABIN, CAMP, YES, 147, 3, .020, .020, 0.0000, .0037, 0, 1, 1.0, 1, 9, 23, 6.96, , N, .88, .50, .050, 1, 19, 75, 5.69, , N, .83, .17, .059, 1
CABIN, COTTAGE, YES, 147, 3, .020, .016, 0.0000, .0705, 0, 1, 2.0, 2, 9, 23, 6.96, , N, .88, .50, .050, 1, 11, 19, 5.93, , N, 1.33, .22, .001, 1
CABIN, CRUISER, NO, 147, 2, .014, ¥, ¥, ¥, ¥, ¥, ¥, ¥, 9, 23, 6.96, , N, .88, .50, .050, 1, ¥, ¥, ¥, , , ¥, ¥, ¥, 0
CABIN, SHIP, YES, 147, 2, .014, 0.000, 0.0000, 0.0000, 0, 1, 0.0, 0, 9, 23, 6.96, , N, .88, .50, .050, 1, 9, 83, 6.25, N, N, 2.22, .44, .085, 1
CABINET, KITCHEN, YES, 145, 22, .152, .020, .0070, .0064, 3, 0, 3.0, 2, 16, 17, 6.18, P, N, 2.31, .31, .025, 1, 22, 90, 6.63, , N, 2.00, .40, .021, 1
CABINET, DOOR, YES, 145, 14, .097, 0.000, .0050, .0009, 2, 0, 1.0, 1, 16, 17, 6.18, P, N, 2.31, .31, .025, 1, 23, 312, 5.95, , N, 1.27, .68, .181, 1
CABINET, SHELF, YES, 145, 13, .090, .086, .0020, .0144, 2, 0, 9.0, 7, 16, 17, 6.18, P, N, 2.31, .31, .025, 1, 19, 12, ¥, , N, 2.12, .18, .009, 1
CABINET, WOOD, YES, 145, 12, .083, 0.000, .0060, 0.0000, 4, 0, 0.0, 0, 16, 17, 6.18, P, N, 2.31, .31, .025, 1, 26, 55, 5.81, , N, 1.73, .50, .029, 1
CABINET, DRAWER, YES, 145, 10, .069, .024, .0020, .0037, 3, 0, 3.0, 2, 16, 17, 6.18, P, N, 2.31, .31, .025, 1, 9, 8, 6.31, , N, 1.78, .56, .140, 1
CABINET, MAKER, YES, 145, 9, .062, 0.000, 0.0000, 0.0000, 0, 0, 0.0, 0, 16, 17, 6.18, P, N, 2.31, .31, .025, 1, 17, 12, 4.46, , N, .92, .15, .001, 0
CABINET, CUPBOARD, YES, 145, 7, .048, .151, .0020, .0218, 1, 0, 7.0, 6, 16, 17, 6.18, P, N, 2.31, .31, .025, 1, 15, 2, 5.82, , N, 2.00, .17, .008, 1
CABINET, DISHES, YES, 145, 6, .041, 0.000, .0050, .0029, 1, 0, 2.0, 2, 16, 17, 6.18, P, N, 2.31, .31, .025, 1, 19, 21, ¥, G, N, 2.22, .17, .037, 1
CABINET, STORAGE, YES, 145, 6, .041, 0.000, .0040, .0019, 4, 0, 1.0, 0, 16, 17, 6.18, P, N, 2.31, .31, .025, 1, 21, 41, 4.88, , N, 1.65, .35, .026, 1
CABINET, CLOSET, YES, 145, 4, .028, 0.000, .0080, .0107, 4, 0, 3.0, 1, 16, 17, 6.18, P, N, 2.31, .31, .025, 1, 14, 16, 5.95, , N, 1.38, .31, .009, 1
CABINET, FOOD, YES, 145, 4, .028, 0.000, .0360, 0.0000, 5, 0, 0.0, 0, 16, 17, 6.18, P, N, 2.31, .31, .025, 1, 18, 147, 5.84, , N, 1.69, .63, .203, 1
CABINET, COUNTER, YES, 145, 3, .021, 0.000, .0050, .0246, 2, 0, 3.0, 1, 16, 17, 6.18, P, N, 2.31, .31, .025, 1, 17, 31, ¥, T, N, 1.00, .20, .004, 1
CABINET, DESK, YES, 145, 3, .021, 0.000, .0110, .0014, 4, 0, 2.0, 2, 16, 17, 6.18, P, N, 2.31, .31, .025, 1, 18, 65, 5.79, , N, 3.17, .33, .013, 1
CABINET, FILE, YES, 145, 3, .021, .245, 0.0000, .0013, 0, 0, 2.0, 2, 16, 17, 6.18, P, N, 2.31, .31, .025, 1, 16, 81, 4.63, N, N, 1.19, .31, .014, 1
CABINET, PLATE, YES, 145, 3, .021, 0.000, 0.0000, .0061, 0, 0, 1.0, 1, 16, 17, 6.18, P, N, 2.31, .31, .025, 1, 12, 22, 5.74, , N, 3.42, .42, .079, 1
CABINET, BOOK, YES, 145, 2, .014, 0.000, .0330, 0.0000, 2, 0, 0.0, 0, 16, 17, 6.18, P, N, 2.31, .31, .025, 1, 15, 193, 6.09, , N, 1.57, .71, .237, 1
CABLE, TELEVISION, YES, 148, 102, .689, .014, 0.0000, 0.0000, 1, 1, 0.0, 0, 8, 7, 5.40, N, N, .71, .14, .010, 1, 19, 50, 6.40, , N, 1.41, .82, .067, 1
CABLE, WIRE, YES, 148, 13, .088, 0.000, .0020, .0012, 1, 1, 1.0, 0, 8, 7, 5.40, N, N, .71, .14, .010, 1, 20, 42, 5.81, , N, .63, .42, .012, 1
CABLE, CAR, YES, 148, 5, .034, 0.000, 0.0000, 0.0000, 1, 1, 0.0, 0, 8, 7, 5.40, N, N, .71, .14, .010, 1, 25, 274, 6.35, , N, 2.50, .91, .259, 1
CABLE, CORD, YES, 148, 5, .034, 0.000, .0030, .0160, 1, 1, 3.0, 2, 8, 7, 5.40, N, N, .71, .14, .010, 1, 13, 6, 6.93, N, N, 1.31, .39, .029, 1
CABLE, BOX, YES, 148, 2, .014, 0.000, 0.0000, .0011, 0, 1, 1.0, 1, 8, 7, 5.40, N, N, .71, .14, .010, 1, 15, 70, 5.91, N, N, .73, .67, .080, 1
CABLE, HBO, NO, 148, 2, .014, ¥, ¥, ¥, ¥, ¥, ¥, ¥, 8, 7, 5.40, N, N, .71, .14, .010, 1, ¥, ¥, ¥, , , ¥, ¥, ¥, 0
CABLE, ROPE, YES, 148, 2, .014, 0.000, .0030, 0.0000, 1, 1, 0.0, 0, 8, 7, 5.40, N, N, .71, .14, .010, 1, 21, 15, 6.36, G, N, 1.05, .58, .068, 1
CABLE, UNIT, YES, 148, 2, .014, 0.000, 0.0000, 0.0000, 0, 1, 0.0, 0, 8, 7, 5.40, N, N, .71, .14, .010, 1, 22, 103, 4.33, , N, 1.55, .05, .001, 1
CABOOSE, TRAIN, YES, 165, 119, .721, .051, .0040, .0020, 2, 0, 2.0, 0, 8, 0, 6.00, , N, 1.25, .13, .037, 1, 19, 82, 5.79, N, N, 2.06, .56, .148, 1
CABOOSE, END, YES, 165, 14, .085, 0.000, .0030, 0.0000, 2, 0, 0.0, 0, 8, 0, 6.00, , N, 1.25, .13, .037, 1, 8, 410, 3.16, G, N, 1.43, .57, .293, 1
CABOOSE, ENGINE, YES, 165, 8, .048, 0.000, .0140, .0694, 2, 0, 3.0, 1, 8, 0, 6.00, , N, 1.25, .13, .037, 1, 16, 50, 5.88, , N, 1.21, .50, .026, 1
CABOOSE, CAR, YES, 165, 3, .018, 0.000, .0590, .0085, 2, 0, 2.0, 0, 8, 0, 6.00, , N, 1.25, .13, .037, 1, 25, 274, 6.35, , N, 2.50, .91, .259, 1
CABOOSE, TAIL, YES, 165, 3, .018, 0.000, 0.0000, .0116, 0, 0, 1.0, 1, 8, 0, 6.00, , N, 1.25, .13, .037, 1, 17, 24, 6.09, G, N, 1.24, .18, .040, 1
CABOOSE, INDIAN, YES, 165, 2, .012, 0.000, 0.0000, .0017, 0, 0, 1.0, 1, 8, 0, 6.00, , N, 1.25, .13, .037, 1, 17, 52, 6.18, , N, .36, .50, .118, 1
CABOOSE, LAST, YES, 165, 2, .012, 0.000, 0.0000, .0060, 0, 0, 1.0, 1, 8, 0, 6.00, , N, 1.25, .13, .037, 1, 8, 676, 2.79, , AJ, .62, .50, .273, 1
CABOOSE, RED, YES, 165, 2, .012, 0.000, .0030, 0.0000, 2, 0, 0.0, 0, 8, 0, 6.00, , N, 1.25, .13, .037, 1, 14, 197, 4.97, , N, 2.31, .85, .079, 1
CACTUS, PLANT, YES, 140, 45, .321, 0.000, .0020, .0063, 2, 1, 2.0, 1, 15, 0, ¥, , N, 1.29, .14, .029, 1, 14, 125, 5.98, T, N, 1.86, .57, .041, 1
CACTUS, PRICKLY, YES, 140, 27, .193, .137, 0.0000, .0047, 0, 1, 4.0, 4, 15, 0, ¥, , N, 1.29, .14, .029, 1, 18, 2, ¥, , AJ, 1.82, .12, .036, 1
CACTUS, DESERT, YES, 140, 19, .136, .022, 0.0000, .0011, 0, 1, 1.0, 1, 15, 0, ¥, , N, 1.29, .14, .029, 1, 8, 21, 5.90, N, N, .86, .43, .013, 1
CACTUS, SHARP, YES, 140, 8, .057, 0.000, .0120, .0057, 4, 1, 2.0, 0, 15, 0, ¥, , N, 1.29, .14, .029, 1, 18, 72, 4.12, N, AJ, 2.24, .59, .108, 1
CACTUS, SPINE, YES, 140, 6, .043, 0.000, 0.0000, 0.0000, 0, 1, 0.0, 0, 15, 0, ¥, , N, 1.29, .14, .029, 1, 10, 6, 6.22, , N, 1.11, .33, .057, 0
CACTUS, THORN, YES, 140, 6, .043, 0.000, .0110, .0100, 1, 1, 4.0, 4, 15, 0, ¥, , N, 1.29, .14, .029, 1, 16, 3, 6.87, , N, 1.60, .13, .027, 1
CACTUS, FLOWER, YES, 140, 3, .021, 0.000, .0410, .0196, 1, 1, 1.0, 0, 15, 0, ¥, , N, 1.29, .14, .029, 1, 21, 23, 5.62, G, N, 1.62, .67, .265, 1
CACTUS, HOT, YES, 140, 3, .021, 0.000, .0070, 0.0000, 1, 1, 0.0, 0, 15, 0, ¥, , N, 1.29, .14, .029, 1, 8, 130, 5.03, G, AJ, 1.12, .88, .301, 1
CACTUS, NEEDLE, YES, 140, 3, .021, 0.000, .0060, .0019, 4, 1, 2.0, 0, 15, 0, ¥, , N, 1.29, .14, .029, 1, 8, 15, 5.79, , N, 2.12, .88, .433, 1
CACTUS, OUCH, YES, 140, 3, .021, 0.000, .0040, 0.0000, 1, 1, 0.0, 0, 15, 0, ¥, , N, 1.29, .14, .029, 1, 7, 0, 3.23, , I, 2.20, 1.00, .036, 1
CACTUS, POINT, YES, 140, 3, .021, 0.000, .0150, .0126, 3, 1, 2.0, 0, 15, 0, ¥, , N, 1.29, .14, .029, 1, 24, 395, 4.54, T, N, 1.70, .52, .072, 1
CACTUS, ARIZONA, NO, 140, 2, .014, ¥, ¥, ¥, ¥, ¥, ¥, ¥, 15, 0, ¥, , N, 1.29, .14, .029, 1, ¥, ¥, ¥, , , ¥, ¥, ¥, 0
CACTUS, CLUB, YES, 140, 2, .014, 0.000, 0.0000, 0.0000, 0, 1, 0.0, 0, 15, 0, ¥, , N, 1.29, .14, .029, 1, 22, 145, 4.98, N, N, 1.14, .29, .020, 1
CACTUS, GREEN, YES, 140, 2, .014, 0.000, .0820, 0.0000, 1, 1, 0.0, 0, 15, 0, ¥, , N, 1.29, .14, .029, 1, 17, 116, 5.46, N, N, 1.19, .94, .142, 1
CACTUS, JUICE, YES, 140, 2, .014, 0.000, 0.0000, 0.0000, 0, 1, 0.0, 0, 15, 0, ¥, , N, 1.29, .14, .029, 1, 10, 11, 6.00, N, N, 1.80, .30, .159, 1
CAFE, COFFEE, YES, 148, 48, .324, 0.000, 0.0000, 0.0000, 0, 3, 0.0, 0, 15, 20, 5.64, , N, 1.92, .25, .007, 1, 13, 78, 6.43, , N, 1.08, .46, .214, 1
CAFE, FOOD, YES, 148, 24, .162, 0.000, .0890, .0169, 7, 3, 2.0, 0, 15, 20, 5.64, , N, 1.92, .25, .007, 1, 18, 147, 5.84, , N, 1.69, .63, .203, 1
CAFE, RESTAURANT, YES, 148, 16, .108, .030, .0070, .0830, 1, 3, 4.0, 3, 15, 20, 5.64, , N, 1.92, .25, .007, 1, 12, 41, 6.83, , N, 2.25, .33, .009, 1
CAFE, DINER, YES, 148, 6, .041, .073, .0020, .0776, 1, 3, 5.0, 4, 15, 20, 5.64, , N, 1.92, .25, .007, 1, 12, 0, ¥, , N, 2.64, .18, .007, 1
CAFE, EAT, YES, 148, 6, .041, 0.000, .0910, .0663, 6, 3, 1.0, 0, 15, 20, 5.64, , N, 1.92, .25, .007, 1, 11, 61, 4.75, , N, 1.20, .70, .181, 1
CAFE, AU LAIT, NO, 148, 3, .020, ¥, ¥, ¥, ¥, ¥, ¥, ¥, 15, 20, 5.64, , N, 1.92, .25, .007, 1, ¥, ¥, ¥, , , ¥, ¥, ¥, 0
CAFE, LUNCH, YES, 148, 3, .020, 0.000, .0050, .0412, 4, 3, 4.0, 1, 15, 20, 5.64, , N, 1.92, .25, .007, 1, 17, 33, 5.46, , N, 1.88, .59, .053, 1
CAFE, CAPPUCCINO, NO, 148, 2, .014, ¥, ¥, ¥, ¥, ¥, ¥, ¥, 15, 20, 5.64, , N, 1.92, .25, .007, 1, ¥, ¥, ¥, , , ¥, ¥, ¥, 0
CAFE, CORNER, YES, 148, 2, .014, 0.000, 0.0000, 0.0000, 0, 3, 0.0, 0, 15, 20, 5.64, , N, 1.92, .25, .007, 1, 22, 134, 6.13, , N, 1.91, .27, .014, 1
CAFE, DINNER, YES, 148, 2, .014, 0.000, .0120, .0208, 3, 3, 3.0, 2, 15, 20, 5.64, , N, 1.92, .25, .007, 1, 5, 91, 5.38, , N, 3.40, .60, .336, 1
CAFE, FRENCH, YES, 148, 2, .014, 0.000, 0.0000, .0031, 0, 3, 1.0, 1, 15, 20, 5.64, , N, 1.92, .25, .007, 1, 17, 139, ¥, , AJ, 1.00, .44, .013, 1
CAFE, HARD ROCK, NO, 148, 2, .014, ¥, ¥, ¥, ¥, ¥, ¥, ¥, 15, 20, 5.64, , N, 1.92, .25, .007, 1, ¥, ¥, ¥, , , ¥, ¥, ¥, 0
CAFE, SANDWICH, YES, 148, 2, .014, 0.000, .0010, .0367, 1, 3, 3.0, 2, 15, 20, 5.64, , N, 1.92, .25, .007, 1, 18, 10, 6.37, , N, 2.72, .56, .035, 1
CAFE, SHOP, YES, 148, 2, .014, 0.000, 0.0000, 0.0000, 0, 3, 0.0, 0, 15, 20, 5.64, , N, 1.92, .25, .007, 1, 14, 63, 5.00, , N, 1.92, .15, .100, 1
CAFE, SIDEWALK, YES, 148, 2, .014, .021, 0.0000, 0.0000, 0, 3, 0.0, 0, 15, 20, 5.64, , N, 1.92, .25, .007, 1, 16, 26, 5.93, , N, 1.43, .50, .044, 1
CAFETERIA, FOOD, YES, 150, 89, .593, 0.000, .0620, .0124, 6, 1, 2.0, 0, 9, 15, ¥, , N, 2.00, .13, .001, 1, 18, 147, 5.84, , N, 1.69, .63, .203, 1
CAFETERIA, LUNCH, YES, 150, 20, .133, 0.000, .0080, .1241, 3, 1, 3.0, 2, 9, 15, ¥, , N, 2.00, .13, .001, 1, 17, 33, 5.46, , N, 1.88, .59, .053, 1
CAFETERIA, RESTAURANT, YES, 150, 6, .040, 0.000, .0010, .2811, 1, 1, 3.0, 2, 9, 15, ¥, , N, 2.00, .13, .001, 1, 12, 41, 6.83, , N, 2.25, .33, .009, 1
CAFETERIA, EAT, YES, 150, 4, .027, 0.000, .2580, .2425, 4, 1, 1.0, 0, 9, 15, ¥, , N, 2.00, .13, .001, 1, 11, 61, 4.75, , N, 1.20, .70, .181, 1
CAFETERIA, SCHOOL, YES, 150, 3, .020, 0.000, .0020, 0.0000, 1, 1, 0.0, 0, 9, 15, ¥, , N, 2.00, .13, .001, 1, 22, 492, 5.25, T, N, 3.35, .70, .086, 1
CAFETERIA, CAFE, YES, 150, 2, .013, 0.000, .0010, .1042, 1, 1, 4.0, 3, 9, 15, ¥, , N, 2.00, .13, .001, 1, 15, 20, 5.64, , N, 1.92, .25, .007, 1
CAFETERIA, MESS, YES, 150, 2, .013, 0.000, 0.0000, .0125, 0, 1, 1.0, 1, 9, 15, ¥, , N, 2.00, .13, .001, 1, 18, 22, 3.75, T, N, 1.67, .13, .006, 1
CAFETERIA, MORRISON'S, NO, 150, 2, .013, ¥, ¥, ¥, ¥, ¥, ¥, ¥, 9, 15, ¥, , N, 2.00, .13, .001, 1, ¥, ¥, ¥, , , ¥, ¥, ¥, 0
CAFETERIA, TRAY, YES, 150, 2, .013, .061, 0.0000, .1172, 0, 1, 2.0, 2, 9, 15, ¥, , N, 2.00, .13, .001, 1, 19, 18, 5.86, , N, 1.78, .17, .001, 1
CAFFEINE, COFFEE, YES, 146, 72, .493, .076, .0080, .0093, 1, 4, 1.0, 0, 13, 0, ¥, , N, 1.11, .22, .038, 1, 13, 78, 6.43, , N, 1.08, .46, .214, 1
CAFFEINE, COKE, YES, 146, 27, .185, 0.000, .0110, .0140, 2, 4, 3.0, 1, 13, 0, ¥, , N, 1.11, .22, .038, 1, 9, 4, 5.68, , N, 1.57, .71, .047, 1
CAFFEINE, SODA, YES, 146, 8, .055, 0.000, .0300, .0364, 2, 4, 3.0, 0, 13, 0, ¥, , N, 1.11, .22, .038, 1, 12, 3, 5.96, , N, 1.80, .70, .227, 1
CAFFEINE, HYPER, YES, 146, 7, .048, 0.000, 0.0000, 0.0000, 0, 4, 0.0, 0, 13, 0, ¥, , N, 1.11, .22, .038, 1, 19, 0, ¥, , N, .81, .25, .007, 1
CAFFEINE, DRUG, YES, 146, 4, .027, 0.000, .0070, .0026, 1, 4, 1.0, 0, 13, 0, ¥, , N, 1.11, .22, .038, 1, 20, 24, 5.54, G, N, 1.80, .65, .078, 1
CAFFEINE, FREE, YES, 146, 3, .021, 0.000, 0.0000, 0.0000, 0, 4, 0.0, 0, 13, 0, ¥, , N, 1.11, .22, .038, 1, 26, 260, 3.24, T, AJ, 1.04, .38, .008, 1
CAFFEINE, TEA, YES, 146, 3, .021, 0.000, .2180, .1819, 1, 4, 1.0, 0, 13, 0, ¥, , N, 1.11, .22, .038, 1, 11, 28, 6.05, , N, .80, .30, .166, 1
CAFFEINE, COLA, NO, 146, 2, .014, ¥, ¥, ¥, ¥, ¥, ¥, ¥, 13, 0, ¥, , N, 1.11, .22, .038, 1, ¥, ¥, ¥, , , ¥, ¥, ¥, 0
CAFFEINE, GOOD, YES, 146, 2, .014, 0.000, 0.0000, 0.0000, 0, 4, 0.0, 0, 13, 0, ¥, , N, 1.11, .22, .038, 1, 8, 807, 2.53, , AJ, .75, .75, .586, 1
CAFFEINE, JOLT, NO, 146, 2, .014, ¥, ¥, ¥, ¥, ¥, ¥, ¥, 13, 0, ¥, , N, 1.11, .22, .038, 1, ¥, ¥, ¥, , , ¥, ¥, ¥, 0
CAFFEINE, MOUNTAIN DEW, NO, 146, 2, .014, ¥, ¥, ¥, ¥, ¥, ¥, ¥, 13, 0, ¥, , N, 1.11, .22, .038, 1, ¥, ¥, ¥, , , ¥, ¥, ¥, 0
CAFFEINE, PEPSI, YES, 146, 2, .014, .014, .0600, .0037, 2, 4, 1.0, 0, 13, 0, ¥, , N, 1.11, .22, .038, 1, 5, 0, ¥, , N, .80, .40, .002, 1
CAFFEINE, STIMULANT, NO, 146, 2, .014, ¥, ¥, ¥, ¥, ¥, ¥, ¥, 13, 0, ¥, , N, 1.11, .22, .038, 1, ¥, ¥, ¥, , , ¥, ¥, ¥, 0
CAGE, ANIMAL, YES, 143, 42, .294, .011, .0200, .0038, 5, 3, 3.0, 0, 18, 9, 5.88, , N, 1.47, .33, .008, 1, 28, 68, 5.65, , N, 1.81, .74, .053, 1
CAGE, BIRD, YES, 143, 24, .168, .015, .0060, .0118, 2, 3, 1.0, 0, 18, 9, 5.88, , N, 1.47, .33, .008, 1, 23, 31, 5.77, , N, 1.45, .68, .198, 1
CAGE, BAR, YES, 143, 9, .063, 0.000, .0130, 0.0000, 2, 3, 0.0, 0, 18, 9, 5.88, , N, 1.47, .33, .008, 1, 13, 82, 6.40, N, N, 2.23, .46, .013, 1
CAGE, JAIL, YES, 143, 9, .063, 0.000, .0240, .0244, 2, 3, 5.0, 3, 18, 9, 5.88, , N, 1.47, .33, .008, 1, 15, 21, 5.84, , N, 2.36, .43, .148, 1
CAGE, PRISON, YES, 143, 7, .049, 0.000, .0170, .0360, 2, 3, 4.0, 1, 18, 9, 5.88, , N, 1.47, .33, .008, 1, 17, 42, 6.62, , N, 2.38, .50, .123, 1
CAGE, LION, YES, 143, 5, .035, 0.000, .0070, .0188, 2, 3, 1.0, 0, 18, 9, 5.88, , N, 1.47, .33, .008, 1, 15, 17, 6.14, , N, 1.75, .83, .151, 1
CAGE, WIRE, YES, 143, 5, .035, 0.000, 0.0000, 0.0000, 0, 3, 0.0, 0, 18, 9, 5.88, , N, 1.47, .33, .008, 1, 20, 42, 5.81, , N, .63, .42, .012, 1
CAGE, TRAP, YES, 143, 4, .028, .038, 0.0000, .0112, 0, 3, 1.0, 1, 18, 9, 5.88, , N, 1.47, .33, .008, 1, 18, 20, ¥, G, N, 1.38, .25, .009, 1
CAGE, ENCLOSE, NO, 143, 3, .021, ¥, ¥, ¥, ¥, ¥, ¥, ¥, 18, 9, 5.88, , N, 1.47, .33, .008, 1, ¥, ¥, ¥, , , ¥, ¥, ¥, 0
CAGE, HOLD, YES, 143, 3, .021, 0.000, 0.0000, 0.0000, 0, 3, 0.0, 0, 18, 9, 5.88, , N, 1.47, .33, .008, 1, 17, 169, 4.08, W, V, 1.69, .63, .094, 1
CAGE, LOCK, YES, 143, 3, .021, 0.000, .0040, 0.0000, 1, 3, 0.0, 0, 18, 9, 5.88, , N, 1.47, .33, .008, 1, 14, 23, 5.02, N, N, 2.08, .46, .122, 1
CAGE, CELL, YES, 143, 2, .014, 0.000, .0090, .0184, 2, 3, 2.0, 0, 18, 9, 5.88, , N, 1.47, .33, .008, 1, 16, 65, 6.63, N, N, 1.14, .64, .032, 1
CAGE, CONFINE, NO, 143, 2, .014, ¥, ¥, ¥, ¥, ¥, ¥, ¥, 18, 9, 5.88, , N, 1.47, .33, .008, 1, ¥, ¥, ¥, , , ¥, ¥, ¥, 0
CAGE, METAL, YES, 143, 2, .014, 0.000, 0.0000, 0.0000, 0, 3, 0.0, 0, 18, 9, 5.88, , N, 1.47, .33, .008, 1, 16, 61, 6.76, , N, 1.19, .56, .057, 1
CAGE, MONKEY, YES, 143, 2, .014, .021, .0010, .0190, 1, 3, 2.0, 1, 18, 9, 5.88, , N, 1.47, .33, .008, 1, 22, 9, 5.46, , N, 1.24, .38, .115, 1
CAGE, PEN, YES, 143, 2, .014, 0.000, 0.0000, 0.0000, 0, 3, 0.0, 0, 18, 9, 5.88, , N, 1.47, .33, .008, 1, 4, 18, 5.59, N, N, 2.00, 1.00, .429, 1
CAGE, RESTRAINT, NO, 143, 2, .014, ¥, ¥, ¥, ¥, ¥, ¥, ¥, 18, 9, 5.88, , N, 1.47, .33, .008, 1, ¥, ¥, ¥, , , ¥, ¥, ¥, 0
CAGE, ZOO, YES, 143, 2, .014, .031, .0070, .1935, 2, 3, 3.0, 1, 18, 9, 5.88, , N, 1.47, .33, .008, 1, 8, 9, 5.79, , N, 1.88, .75, .022, 1
CAKE, ICE CREAM, YES, 184, 22, .120, 0.000, .0040, .0110, 2, 0, 4.0, 3, 19, 13, 6.11, , N, 2.79, .47, .112, 1, 17, 45, 5.84, , N, 2.33, .40, .107, 1
CAKE, BIRTHDAY, YES, 184, 16, .087, .192, 0.0000, .0049, 1, 0, 1.0, 0, 19, 13, 6.11, , N, 2.79, .47, .112, 1, 15, 18, 4.47, , N, 1.00, .43, .026, 1
CAKE, CHOCOLATE, YES, 184, 16, .087, .061, .0220, .0072, 7, 0, 5.0, 2, 19, 13, 6.11, , N, 2.79, .47, .112, 1, 17, 9, 5.72, , N, 1.82, .71, .078, 1
CAKE, EAT, YES, 184, 14, .076, 0.000, .0270, .0217, 5, 0, 2.0, 1, 19, 13, 6.11, , N, 2.79, .47, .112, 1, 11, 61, 4.75, , N, 1.20, .70, .181, 1
CAKE, PIE, YES, 184, 13, .071, .168, .0010, .0136, 1, 0, 7.0, 6, 19, 13, 6.11, , N, 2.79, .47, .112, 1, 21, 14, 6.09, , N, 2.10, .55, .082, 1
CAKE, ICING, YES, 184, 10, .054, .812, .0030, .0037, 1, 0, 4.0, 3, 19, 13, 6.11, , N, 2.79, .47, .112, 1, 9, 1, 6.10, , N, 1.78, .22, .046, 1
CAKE, FOOD, YES, 184, 9, .049, 0.000, .0400, .0322, 8, 0, 3.0, 2, 19, 13, 6.11, , N, 2.79, .47, .112, 1, 18, 147, 5.84, , N, 1.69, .63, .203, 1
CAKE, BAKE, YES, 184, 6, .033, .402, .0010, .0038, 2, 0, 3.0, 1, 19, 13, 6.11, , N, 2.79, .47, .112, 1, 10, 12, 4.76, , V, 2.00, .70, .063, 1
CAKE, GOOD, YES, 184, 6, .033, 0.000, .0090, 0.0000, 6, 0, 0.0, 0, 19, 13, 6.11, , N, 2.79, .47, .112, 1, 8, 807, 2.53, , AJ, .75, .75, .586, 1
CAKE, MIX, YES, 184, 6, .033, .083, 0.0000, .0007, 0, 0, 1.0, 1, 19, 13, 6.11, , N, 2.79, .47, .112, 1, 14, 13, ¥, , V, 1.46, .54, .193, 1
CAKE, WALK, YES, 184, 6, .033, 0.000, 0.0000, 0.0000, 0, 0, 0.0, 0, 19, 13, 6.11, , N, 2.79, .47, .112, 1, 12, 100, 4.28, , V, 1.00, .67, .237, 0
CAKE, FAT, YES, 184, 5, .027, 0.000, .0120, .0001, 6, 0, 1.0, 0, 19, 13, 6.11, , N, 2.79, .47, .112, 1, 16, 60, 4.80, , N, 1.47, .60, .229, 1
CAKE, FROSTING, YES, 184, 5, .027, .623, .0010, .0121, 1, 0, 3.0, 2, 19, 13, 6.11, , N, 2.79, .47, .112, 1, 7, 1, 6.00, , N, 1.57, .29, .019, 1
CAKE, SWEET, YES, 184, 5, .027, 0.000, .0200, .0040, 7, 0, 2.0, 1, 19, 13, 6.11, , N, 2.79, .47, .112, 1, 12, 70, 4.53, , AJ, 2.08, .67, .255, 1
CAKE, PARTY, YES, 184, 4, .022, .033, .0190, .0015, 1, 0, 2.0, 1, 19, 13, 6.11, , N, 2.79, .47, .112, 1, 22, 216, 5.50, T, N, 1.29, .33, .029, 1
CAKE, COOKIE, YES, 184, 3, .016, .033, .0030, .0290, 1, 0, 7.0, 6, 19, 13, 6.11, , N, 2.79, .47, .112, 1, 17, 1, 6.30, , N, 2.24, .41, .030, 1
CAKE, CREAM, YES, 184, 3, .016, 0.000, .0020, .0004, 1, 0, 1.0, 1, 19, 13, 6.11, , N, 2.79, .47, .112, 1, 14, 20, 6.08, , N, 1.00, .50, .062, 1
CAKE, YUMMY, YES, 184, 3, .016, 0.000, .0030, .0236, 2, 0, 4.0, 3, 19, 13, 6.11, , N, 2.79, .47, .112, 1, 10, 0, ¥, , AJ, 2.75, .50, .018, 0
CAKE, DIET, YES, 184, 2, .011, 0.000, 0.0000, .0192, 1, 0, 3.0, 2, 19, 13, 6.11, , N, 2.79, .47, .112, 1, 16, 21, ¥, , N, 1.62, .39, .005, 1
CALCIUM, MILK, YES, 150, 62, .413, .012, 0.0000, 0.0000, 0, 4, 0.0, 0, 12, 11, ¥, , N, 1.12, .13, .005, 1, 18, 49, 6.66, , N, 1.29, .59, .161, 1
CALCIUM, BONE, YES, 150, 23, .153, 0.000, 0.0000, 0.0000, 1, 4, 0.0, 0, 12, 11, ¥, , N, 1.12, .13, .005, 1, 19, 33, 5.75, , N, 1.53, .35, .130, 1
CALCIUM, VITAMIN, YES, 150, 16, .107, 0.000, .0020, .0042, 3, 4, 2.0, 0, 12, 11, ¥, , N, 1.12, .13, .005, 1, 14, 5, ¥, , N, 1.00, .38, .007, 0
CALCIUM, DEPOSIT, YES, 150, 9, .060, 0.000, .0030, 0.0000, 1, 4, 0.0, 0, 12, 11, ¥, , N, 1.12, .13, .005, 1, 9, 9, ¥, , V, 1.12, 0.00, 0.000, 0
CALCIUM, MINERAL, YES, 150, 6, .040, 0.000, .0070, .0087, 2, 4, 3.0, 1, 12, 11, ¥, , N, 1.12, .13, .005, 1, 12, 12, ¥, , N, .82, .27, .003, 1
CALCIUM, IRON, YES, 150, 5, .033, 0.000, .0010, .0015, 1, 4, 2.0, 1, 12, 11, ¥, , N, 1.12, .13, .005, 1, 23, 43, 5.47, W, N, 1.59, .36, .080, 1
CALCIUM, POTASSIUM, NO, 150, 3, .020, ¥, ¥, ¥, ¥, ¥, ¥, ¥, 12, 11, ¥, , N, 1.12, .13, .005, 1, ¥, ¥, ¥, , , ¥, ¥, ¥, 0
CALCIUM, CARBONATE, NO, 150, 2, .013, ¥, ¥, ¥, ¥, ¥, ¥, ¥, 12, 11, ¥, , N, 1.12, .13, .005, 1, ¥, ¥, ¥, , , ¥, ¥, ¥, 0
CALCIUM, DEFICIENCY, NO, 150, 2, .013, ¥, ¥, ¥, ¥, ¥, ¥, ¥, 12, 11, ¥, , N, 1.12, .13, .005, 1, ¥, ¥, ¥, , , ¥, ¥, ¥, 0
CALCIUM, PILL, YES, 150, 2, .013, 0.000, .0140, .0015, 1, 4, 1.0, 0, 12, 11, ¥, , N, 1.12, .13, .005, 1, 14, 15, 5.88, , N, 1.55, .36, .028, 0
CALCIUM, TABLETS, NO, 150, 2, .013, ¥, ¥, ¥, ¥, ¥, ¥, ¥, 12, 11, ¥, , N, 1.12, .13, .005, 1, ¥, ¥, ¥, , , ¥, ¥, ¥, 0
CALCIUM, TEETH, YES, 150, 2, .013, 0.000, 0.0000, .0021, 0, 4, 1.0, 1, 12, 11, ¥, , N, 1.12, .13, .005, 1, 16, 103, 6.14, , N, 1.67, .53, .161, 1
CALCULATE, MATH, YES, 139, 38, .273, 0.000, .0290, .0146, 7, 1, 6.0, 2, 15, 4, ¥, , V, 2.21, .14, .009, 1, 19, 4, 3.78, , N, 2.26, .58, .161, 1
CALCULATE, FIGURE, YES, 139, 31, .223, 0.000, .0130, .0118, 5, 1, 4.0, 3, 15, 4, ¥, , V, 2.21, .14, .009, 1, 19, 209, 4.68, N, N, .95, .16, .015, 1
CALCULATE, ADD, YES, 139, 18, .129, 0.000, .0350, .0142, 5, 1, 2.0, 0, 15, 4, ¥, , V, 2.21, .14, .009, 1, 11, 88, 2.95, , V, 1.45, .82, .503, 1
CALCULATE, COMPUTE, YES, 139, 8, .058, .149, 0.0000, .0591, 1, 1, 6.0, 6, 15, 4, ¥, , V, 2.21, .14, .009, 1, 14, 7, ¥, , V, 2.23, .08, .009, 1
CALCULATE, CALCULATOR, YES, 139, 4, .029, 0.000, .0060, .1390, 3, 1, 3.0, 1, 15, 4, ¥, , V, 2.21, .14, .009, 1, 12, 1, 6.70, , N, 1.17, .25, .007, 1
CALCULATE, COMPUTER, YES, 139, 4, .029, 0.000, .0080, .0004, 2, 1, 1.0, 0, 15, 4, ¥, , V, 2.21, .14, .009, 1, 33, 13, 6.15, , N, .88, .44, .081, 0
CALCULATE, DETERMINE, YES, 139, 4, .029, .014, 0.0000, .0300, 0, 1, 2.0, 2, 15, 4, ¥, , V, 2.21, .14, .009, 1, 17, 107, ¥, , V, 1.31, .25, .005, 1
CALCULATE, THINK, YES, 139, 4, .029, 0.000, .0090, 0.0000, 4, 1, 0.0, 0, 15, 4, ¥, , V, 2.21, .14, .009, 1, 22, 433, 3.38, , V, 2.85, .65, .107, 1
CALCULATE, NUMBER, YES, 139, 3, .022, 0.000, .0500, .0105, 1, 1, 2.0, 1, 15, 4, ¥, , V, 2.21, .14, .009, 1, 17, 472, 3.76, G, N, 1.31, .81, .041, 1
CALCULATE, MANIPULATE, NO, 139, 2, .014, ¥, ¥, ¥, ¥, ¥, ¥, ¥, 15, 4, ¥, , V, 2.21, .14, .009, 1, ¥, ¥, ¥, , , ¥, ¥, ¥, 0
CALCULATE, PUNCH, YES, 139, 2, .014, 0.000, 0.0000, 0.0000, 0, 1, 0.0, 0, 15, 4, ¥, , V, 2.21, .14, .009, 1, 20, 5, 5.41, N, V, 1.24, .29, .018, 1
CALCULATE, RECORD, YES, 139, 2, .014, 0.000, 0.0000, 0.0000, 0, 1, 0.0, 0, 15, 4, ¥, , V, 2.21, .14, .009, 1, 14, 137, ¥, N, N, 1.33, .50, .080, 0
CALCULATE, SOLVE, YES, 139, 2, .014, 0.000, 0.0000, .0165, 0, 1, 3.0, 3, 15, 4, ¥, , V, 2.21, .14, .009, 1, 18, 20, ¥, , V, 1.65, .18, .062, 1
CALCULATE, SUBTRACT, YES, 139, 2, .014, 0.000, .0880, .1043, 1, 1, 2.0, 1, 15, 4, ¥, , V, 2.21, .14, .009, 1, 6, 2, 2.86, , V, 2.00, .50, .518, 1
CALCULATE, WORK, YES, 139, 2, .014, 0.000, .0150, 0.0000, 2, 1, 0.0, 0, 15, 4, ¥, , V, 2.21, .14, .009, 1, 19, 760, 3.88, N, N, 1.63, .68, .091, 1
CALCULATOR, MATH, YES, 131, 65, .496, .012, .0490, .0028, 4, 0, 3.0, 0, 12, 1, 6.70, , N, 1.17, .25, .007, 1, 19, 4, 3.78, , N, 2.26, .58, .161, 1
CALCULATOR, NUMBERS, YES, 131, 21, .160, 0.000, 0.0000, .1159, 1, 0, 2.0, 1, 12, 1, 6.70, , N, 1.17, .25, .007, 1, 15, 125, ¥, , N, .50, .25, .019, 1
CALCULATOR, ADD, YES, 131, 3, .023, 0.000, .0230, .0102, 2, 0, 2.0, 0, 12, 1, 6.70, , N, 1.17, .25, .007, 1, 11, 88, 2.95, , V, 1.45, .82, .503, 1
CALCULATOR, BUTTON, YES, 131, 3, .023, 0.000, 0.0000, 0.0000, 0, 0, 0.0, 0, 12, 1, 6.70, , N, 1.17, .25, .007, 1, 16, 10, 6.00, , N, 2.12, .44, .035, 1
CALCULATOR, COMPUTER, YES, 131, 3, .023, .014, .0010, .0008, 1, 0, 2.0, 1, 12, 1, 6.70, , N, 1.17, .25, .007, 1, 33, 13, 6.15, , N, .88, .44, .081, 0
CALCULATOR, HELP, YES, 131, 3, .023, 0.000, 0.0000, 0.0000, 0, 0, 0.0, 0, 12, 1, 6.70, , N, 1.17, .25, .007, 1, 23, 311, 2.82, , V, 1.14, .50, .052, 1
CALCULATOR, WATCH, YES, 131, 3, .023, 0.000, 0.0000, 0.0000, 0, 0, 0.0, 0, 12, 1, 6.70, , N, 1.17, .25, .007, 1, 14, 81, 4.63, N, V, 1.79, .57, .109, 1
CALCULATOR, ANSWER, YES, 131, 2, .015, 0.000, 0.0000, 0.0000, 0, 0, 0.0, 0, 12, 1, 6.70, , N, 1.17, .25, .007, 1, 9, 152, 3.85, , N, 1.44, .67, .537, 1
CALCULATOR, CALCULUS, YES, 131, 2, .015, .014, .0390, .3517, 1, 0, 1.0, 0, 12, 1, 6.70, , N, 1.17, .25, .007, 1, 7, 0, 3.72, , N, 1.57, .57, .059, 1
CALCULATOR, MACHINE, YES, 131, 2, .015, 0.000, .0010, .0023, 2, 0, 2.0, 0, 12, 1, 6.70, , N, 1.17, .25, .007, 1, 17, 103, 6.75, , N, 1.00, .53, .016, 1
CALCULATOR, SCIENCE, YES, 131, 2, .015, 0.000, .0210, .0238, 2, 0, 1.0, 0, 12, 1, 6.70, , N, 1.17, .25, .007, 1, 18, 131, 4.14, , N, 1.72, .67, .067, 1
CALCULATOR, TOOL, YES, 131, 2, .015, 0.000, 0.0000, .0003, 1, 0, 1.0, 0, 12, 1, 6.70, , N, 1.17, .25, .007, 1, 12, 40, 5.33, N, N, 1.33, .58, .047, 1
CALCULUS, MATH, YES, 148, 105, .709, .079, .0280, .0118, 3, 0, 3.0, 1, 7, 0, 3.72, , N, 1.57, .57, .059, 1, 19, 4, 3.78, , N, 2.26, .58, .161, 1
CALCULUS, HARD, YES, 148, 15, .101, 0.000, .0990, 0.0000, 4, 0, 0.0, 0, 7, 0, 3.72, , N, 1.57, .57, .059, 1, 10, 202, 4.21, N, AJ, 1.00, .90, .328, 1
CALCULUS, DIFFICULT, YES, 148, 6, .041, 0.000, 0.0000, .0600, 0, 0, 1.0, 1, 7, 0, 3.72, , N, 1.57, .57, .059, 1, 3, 161, 2.38, , AJ, 1.00, .33, .006, 1
CALCULUS, ALGEBRA, YES, 148, 3, .020, .079, .0440, .4696, 2, 0, 3.0, 1, 7, 0, 3.72, , N, 1.57, .57, .059, 1, 9, 2, 4.85, , N, 1.44, .44, .043, 1
CALCULUS, CALCULATOR, YES, 148, 2, .014, .015, .0090, .3517, 1, 0, 1.0, 0, 7, 0, 3.72, , N, 1.57, .57, .059, 1, 12, 1, 6.70, , N, 1.17, .25, .007, 1
CALCULUS, GROSS, YES, 148, 2, .014, 0.000, 0.0000, 0.0000, 0, 0, 0.0, 0, 7, 0, 3.72, , N, 1.57, .57, .059, 1, 16, 30, 2.73, W, AJ, 1.38, .44, .123, 1
CALCULUS, TRIGONOMETRY, YES, 148, 2, .014, .085, 0.0000, .3960, 1, 0, 3.0, 2, 7, 0, 3.72, , N, 1.57, .57, .059, 1, 8, 0, ¥, , N, 2.00, .25, .002, 1
CALENDAR, DATE, YES, 154, 47, .305, .063, .0090, .0279, 2, 0, 4.0, 4, 8, 28, 6.48, , N, 2.12, .38, .023, 1, 20, 103, 5.38, N, N, 1.11, .16, .021, 1
CALENDAR, MONTH, YES, 154, 23, .149, 0.000, .0480, .0581, 2, 0, 3.0, 2, 8, 28, 6.48, , N, 2.12, .38, .023, 1, 17, 130, 3.20, , N, 1.71, .43, .106, 0
CALENDAR, DAY, YES, 154, 20, .130, 0.000, .0730, .0010, 4, 0, 1.0, 0, 8, 28, 6.48, , N, 2.12, .38, .023, 1, 6, 686, 4.67, , N, .67, .67, .574, 1
CALENDAR, YEAR, YES, 154, 18, .117, .032, .0410, .0905, 1, 0, 4.0, 3, 8, 28, 6.48, , N, 2.12, .38, .023, 1, 12, 660, 3.40, , N, 1.64, .27, .093, 1
CALENDAR, GIRL, YES, 154, 12, .078, 0.000, .0170, 0.0000, 1, 0, 0.0, 0, 8, 28, 6.48, , N, 2.12, .38, .023, 1, 8, 220, 6.83, , N, 1.25, 1.00, .535, 1
CALENDAR, TIME, YES, 154, 7, .045, 0.000, .0650, .0060, 6, 0, 2.0, 0, 8, 28, 6.48, , N, 2.12, .38, .023, 1, 14, 1599, 3.79, , N, .71, .64, .322, 1
CALENDAR, EVENT, YES, 154, 3, .019, 0.000, 0.0000, .0082, 0, 0, 2.0, 2, 8, 28, 6.48, , N, 2.12, .38, .023, 1, 22, 81, 3.72, , N, 1.32, .16, .013, 1
CALENDAR, SCHEDULE, YES, 154, 2, .013, .021, .0010, .0090, 1, 0, 1.0, 0, 8, 28, 6.48, , N, 2.12, .38, .023, 1, 15, 36, ¥, , N, 2.00, .77, .019, 1
CALF, COW, YES, 165, 115, .697, .194, .0010, .0002, 2, 0, 1.0, 1, 7, 11, 5.88, T, N, .86, .43, .137, 1, 10, 29, 6.12, , N, 1.50, .90, .420, 1
CALF, LEG, YES, 165, 20, .121, 0.000, .0250, .0006, 1, 0, 1.0, 0, 7, 11, 5.88, T, N, .86, .43, .137, 1, 10, 58, 6.04, , N, 1.30, .70, .368, 1
CALF, THIGH, YES, 165, 8, .048, .028, .0010, .0627, 1, 0, 1.0, 0, 7, 11, 5.88, T, N, .86, .43, .137, 1, 11, 9, 6.74, , N, 1.18, .27, .010, 1
CALF, BABY, YES, 165, 6, .036, 0.000, 0.0000, 0.0000, 1, 0, 0.0, 0, 7, 11, 5.88, T, N, .86, .43, .137, 1, 19, 62, 5.77, , N, 2.05, .63, .140, 1
CALF, ANIMAL, YES, 165, 2, .012, 0.000, .0130, 0.0000, 1, 0, 0.0, 0, 7, 11, 5.88, T, N, .86, .43, .137, 1, 28, 68, 5.65, , N, 1.81, .74, .053, 1
CALF, LIVER, YES, 165, 2, .012, 0.000, 0.0000, .0098, 0, 0, 1.0, 1, 7, 11, 5.88, T, N, .86, .43, .137, 1, 18, 16, 6.11, , N, 1.94, .19, .007, 1
CALF, VEAL, YES, 165, 2, .012, .050, 0.0000, .0758, 0, 0, 2.0, 2, 7, 11, 5.88, T, N, .86, .43, .137, 1, 13, 1, 5.16, , N, 1.73, .09, .001, 0
CALIFORNIA, STATE, YES, 149, 15, .101, 0.000, .0110, .0130, 3, 4, 2.0, 0, 19, 65, ¥, , N, 2.00, .33, .030, 0, 15, 808, 4.31, N, N, 1.07, .64, .076, 1
CALIFORNIA, LOS ANGELES, YES, 149, 14, .094, .248, .0010, .0028, 1, 4, 4.0, 3, 19, 65, ¥, , N, 2.00, .33, .030, 0, 18, 0, ¥, , N, 1.08, .42, .031, 0
CALIFORNIA, SUN, YES, 149, 13, .087, 0.000, .0190, .0060, 3, 4, 3.0, 1, 19, 65, ¥, , N, 2.00, .33, .030, 0, 14, 112, 6.23, , N, 2.36, .93, .153, 1
CALIFORNIA, BEACH, YES, 149, 11, .074, 0.000, .0210, .0144, 6, 4, 4.0, 1, 19, 65, ¥, , N, 2.00, .33, .030, 0, 16, 61, 6.08, , N, 2.25, .75, .313, 1
CALIFORNIA, SURF, YES, 149, 8, .054, 0.000, .0030, .0141, 2, 4, 1.0, 0, 19, 65, ¥, , N, 2.00, .33, .030, 0, 10, 1, 5.23, , N, 2.10, .50, .026, 1
CALIFORNIA, WEST, YES, 149, 8, .054, .039, .0010, 0.0000, 1, 4, 0.0, 0, 19, 65, ¥, , N, 2.00, .33, .030, 0, 6, 235, 4.03, , N, .67, .67, .695, 1
CALIFORNIA, FLORIDA, YES, 149, 7, .047, 0.000, .0280, .0353, 4, 4, 5.0, 2, 19, 65, ¥, , N, 2.00, .33, .030, 0, 16, 20, 6.10, , N, 1.36, .50, .072, 0
CALIFORNIA, NEW YORK, YES, 149, 7, .047, 0.000, .0030, .0055, 1, 4, 1.0, 0, 19, 65, ¥, , N, 2.00, .33, .030, 0, 15, 1, ¥, , N, 1.17, .17, .027, 0
CALIFORNIA, EARTHQUAKE, YES, 149, 6, .040, .083, .0010, .0006, 1, 4, 1.0, 0, 19, 65, ¥, , N, 2.00, .33, .030, 0, 18, 9, 6.32, , N, 1.50, .29, .013, 0
CALIFORNIA, RAISINS, NO, 149, 5, .034, ¥, ¥, ¥, ¥, ¥, ¥, ¥, 19, 65, ¥, , N, 2.00, .33, .030, 0, ¥, ¥, ¥, , , ¥, ¥, ¥, 0
CALIFORNIA, SAN FRANCISCO, NO, 149, 4, .027, ¥, ¥, ¥, ¥, ¥, ¥, ¥, 19, 65, ¥, , N, 2.00, .33, .030, 0, ¥, ¥, ¥, , , ¥, ¥, ¥, 0
CALIFORNIA, COAST, YES, 149, 3, .020, .012, .0010, .0101, 1, 4, 3.0, 2, 19, 65, ¥, , N, 2.00, .33, .030, 0, 22, 61, 5.51, N, N, 2.52, .29, .005, 1
CALIFORNIA, GIRLS, YES, 149, 3, .020, 0.000, .0010, 0.0000, 1, 4, 0.0, 0, 19, 65, ¥, , N, 2.00, .33, .030, 0, 10, 142, ¥, , N, 1.62, .25, .269, 1
CALIFORNIA, DREAMING, NO, 149, 2, .013, ¥, ¥, ¥, ¥, ¥, ¥, ¥, 19, 65, ¥, , N, 2.00, .33, .030, 0, ¥, ¥, ¥, , , ¥, ¥, ¥, 0
CALIFORNIA, HOT, YES, 149, 2, .013, 0.000, .0110, 0.0000, 3, 4, 0.0, 0, 19, 65, ¥, , N, 2.00, .33, .030, 0, 8, 130, 5.03, G, AJ, 1.12, .88, .301, 1
CALIFORNIA, HOTEL, YES, 149, 2, .013, .047, 0.0000, 0.0000, 0, 4, 0.0, 0, 19, 65, ¥, , N, 2.00, .33, .030, 0, 16, 126, 6.80, , N, 1.27, .20, .107, 1
CALIFORNIA, NEVADA, NO, 149, 2, .013, ¥, ¥, ¥, ¥, ¥, ¥, ¥, 19, 65, ¥, , N, 2.00, .33, .030, 0, ¥, ¥, ¥, , , ¥, ¥, ¥, 0
CALIFORNIA, SMOG, YES, 149, 2, .013, 0.000, .0040, .0057, 1, 4, 1.0, 0, 19, 65, ¥, , N, 2.00, .33, .030, 0, 15, 1, 5.35, , N, 2.00, .33, .047, 1
CALIFORNIA, SUNSHINE, YES, 149, 2, .013, 0.000, .0070, .0233, 1, 4, 5.0, 4, 19, 65, ¥, , N, 2.00, .33, .030, 0, 17, 8, 5.47, G, N, 2.71, .18, .019, 1
CALL, PHONE, YES, 147, 56, .378, .283, .0120, .0068, 4, 0, 4.0, 1, 15, 188, 3.74, N, V, 1.20, .40, .139, 1, 10, 54, 6.02, , N, .80, .70, .135, 1
CALL, TELEPHONE, YES, 147, 19, .128, .229, .0020, .0050, 1, 0, 2.0, 2, 15, 188, 3.74, N, V, 1.20, .40, .139, 1, 17, 76, 6.15, , N, 1.00, .47, .050, 1
CALL, ANSWER, YES, 147, 9, .061, .016, 0.0000, .0096, 0, 0, 2.0, 2, 15, 188, 3.74, N, V, 1.20, .40, .139, 1, 9, 152, 3.85, , N, 1.44, .67, .537, 1
CALL, YELL, YES, 147, 8, .054, 0.000, .0080, .0012, 2, 0, 2.0, 0, 15, 188, 3.74, N, V, 1.20, .40, .139, 1, 9, 9, 4.29, , V, 2.44, .67, .405, 1
CALL, COLLECT, YES, 147, 7, .047, .014, 0.0000, 0.0000, 0, 0, 0.0, 0, 15, 188, 3.74, N, V, 1.20, .40, .139, 1, 18, 16, ¥, G, V, 1.19, .25, .096, 1
CALL, TALK, YES, 147, 5, .034, 0.000, .0710, .0114, 5, 0, 3.0, 0, 15, 188, 3.74, N, V, 1.20, .40, .139, 1, 18, 154, 4.18, , V, 1.79, .86, .209, 0
CALL, WAIT, YES, 147, 5, .034, 0.000, 0.0000, 0.0000, 0, 0, 0.0, 0, 15, 188, 3.74, N, V, 1.20, .40, .139, 1, 19, 94, 3.09, , V, 1.84, .21, .017, 1
CALL, DIAL, YES, 147, 3, .020, .019, .0110, .1836, 1, 0, 2.0, 1, 15, 188, 3.74, N, V, 1.20, .40, .139, 1, 12, 1, 5.33, H, N, 1.08, .25, .015, 1
CALL, GIRL, YES, 147, 3, .020, 0.000, 0.0000, 0.0000, 0, 0, 0.0, 0, 15, 188, 3.74, N, V, 1.20, .40, .139, 1, 8, 220, 6.83, , N, 1.25, 1.00, .535, 1
CALL, HOME, YES, 147, 3, .020, 0.000, .0050, 0.0000, 1, 0, 0.0, 0, 15, 188, 3.74, N, V, 1.20, .40, .139, 1, 15, 547, 6.25, , N, 1.47, .40, .208, 1
CALL, HOLLER, YES, 147, 2, .014, 0.000, .0030, .0288, 1, 0, 1.0, 0, 15, 188, 3.74, N, V, 1.20, .40, .139, 1, 4, 0, 3.85, , V, 2.75, .50, .034, 1
CALL, LISTEN, YES, 147, 2, .014, 0.000, .0040, .0032, 1, 0, 1.0, 0, 15, 188, 3.74, N, V, 1.20, .40, .139, 1, 15, 51, 4.04, , V, 1.85, .62, .178, 1
CALL, MOM, YES, 147, 2, .014, 0.000, 0.0000, 0.0000, 0, 0, 0.0, 0, 15, 188, 3.74, N, V, 1.20, .40, .139, 1, 5, 3, 6.40, , N, 1.20, .60, .541, 1
CALL, NEED, YES, 147, 2, .014, 0.000, 0.0000, 0.0000, 0, 0, 0.0, 0, 15, 188, 3.74, N, V, 1.20, .40, .139, 1, 8, 360, 3.10, G, V, .71, .43, .175, 1
CALL, RING, YES, 147, 2, .014, .020, .0420, .0204, 2, 0, 1.0, 0, 15, 188, 3.74, N, V, 1.20, .40, .139, 1, 13, 47, 5.88, N, N, 1.15, .85, .144, 1
CALM, QUIET, YES, 126, 14, .111, 0.000, .0310, .0021, 5, 1, 1.0, 0, 14, 35, 3.56, , AJ, 1.62, .62, .037, 1, 12, 76, 3.70, , AJ, .50, .70, .098, 1
CALM, NERVOUS, YES, 126, 9, .071, .014, .0070, .0010, 2, 1, 1.0, 0, 14, 35, 3.56, , AJ, 1.62, .62, .037, 1, 19, 24, 3.30, , AJ, 1.28, .33, .061, 1
CALM, RELAX, YES, 126, 9, .071, .101, 0.0000, .0030, 1, 1, 3.0, 3, 14, 35, 3.56, , AJ, 1.62, .62, .037, 1, 20, 19, 3.71, , V, 1.94, .56, .043, 1
CALM, PEACE, YES, 126, 8, .063, .056, .0140, .0054, 3, 1, 1.0, 0, 14, 35, 3.56, , AJ, 1.62, .62, .037, 1, 19, 198, 2.98, , N, .67, .33, .123, 1
CALM, SEA, YES, 126, 8, .063, 0.000, 0.0000, 0.0000, 0, 1, 0.0, 0, 14, 35, 3.56, , AJ, 1.62, .62, .037, 1, 15, 95, 5.82, , N, 2.14, .36, .140, 1
CALM, SERENE, YES, 126, 7, .056, .213, .0030, .0313, 2, 1, 4.0, 2, 14, 35, 3.56, , AJ, 1.62, .62, .037, 1, 8, 10, ¥, , AJ, 1.88, .38, .019, 1
CALM, TRANQUIL, YES, 126, 6, .048, .158, .0030, .0374, 2, 1, 4.0, 2, 14, 35, 3.56, , AJ, 1.62, .62, .037, 1, 13, 2, 3.30, , AJ, 2.45, .27, .017, 1
CALM, WILD, YES, 126, 5, .040, .048, .0010, .0020, 1, 1, 1.0, 0, 14, 35, 3.56, , AJ, 1.62, .62, .037, 1, 15, 56, 3.72, , AJ, 1.17, .42, .037, 0
CALM, COLLECTED, NO, 126, 4, .032, ¥, ¥, ¥, ¥, ¥, ¥, ¥, 14, 35, 3.56, , AJ, 1.62, .62, .037, 1, ¥, ¥, ¥, , , ¥, ¥, ¥, 0
CALM, COOL, YES, 126, 4, .032, 0.000, .0010, 0.0000, 1, 1, 0.0, 0, 14, 35, 3.56, , AJ, 1.62, .62, .037, 1, 12, 62, 3.60, , AJ, 2.64, .64, .026, 1
CALM, PEACEFUL, YES, 126, 4, .032, .106, .0150, .0289, 2, 1, 4.0, 2, 14, 35, 3.56, , AJ, 1.62, .62, .037, 1, 20, 26, 3.52, , AJ, 1.38, .25, .018, 1
CALM, ANXIOUS, YES, 126, 2, .016, .014, .0040, .0249, 1, 1, 1.0, 0, 14, 35, 3.56, , AJ, 1.62, .62, .037, 1, 19, 29, 2.44, , AJ, 2.75, .50, .035, 1
CALM, CRAZY, YES, 126, 2, .016, 0.000, .0050, .0027, 1, 1, 1.0, 0, 14, 35, 3.56, , AJ, 1.62, .62, .037, 1, 16, 34, 2.20, , AJ, 1.30, .60, .139, 0
CALM, STORM, YES, 126, 2, .016, 0.000, 0.0000, 0.0000, 0, 1, 0.0, 0, 14, 35, 3.56, , AJ, 1.62, .62, .037, 1, 12, 26, 4.92, , N, 2.25, .67, .048, 1
CALORIE, FAT, YES, 146, 60, .411, 0.000, .0380, .0008, 3, 0, 1.0, 0, 9, 1, 3.95, , N, 1.00, 0.00, 0.000, 1, 16, 60, 4.80, , N, 1.47, .60, .229, 1
CALORIE, FOOD, YES, 146, 27, .185, 0.000, .0130, .0090, 1, 0, 1.0, 1, 9, 1, 3.95, , N, 1.00, 0.00, 0.000, 1, 18, 147, 5.84, , N, 1.69, .63, .203, 1
CALORIE, DIET, YES, 146, 11, .075, 0.000, .0070, .1186, 3, 0, 4.0, 1, 9, 1, 3.95, , N, 1.00, 0.00, 0.000, 1, 16, 21, ¥, , N, 1.62, .39, .005, 1
CALORIE, WEIGHT, YES, 146, 11, .075, 0.000, .0080, .1104, 1, 0, 2.0, 1, 9, 1, 3.95, , N, 1.00, 0.00, 0.000, 1, 14, 91, 4.35, , N, 1.23, .85, .085, 1
CALORIE, HEAT, YES, 146, 5, .034, 0.000, 0.0000, 0.0000, 0, 0, 0.0, 0, 9, 1, 3.95, , N, 1.00, 0.00, 0.000, 1, 16, 97, 4.84, N, N, 2.06, .50, .016, 1
CALORIE, COUNT, YES, 146, 4, .027, 0.000, 0.0000, 0.0000, 0, 0, 0.0, 0, 9, 1, 3.95, , N, 1.00, 0.00, 0.000, 1, 8, 49, 3.42, N, V, .86, .14, .005, 1
CALORIE, ENERGY, YES, 146, 4, .027, 0.000, 0.0000, 0.0000, 0, 0, 0.0, 0, 9, 1, 3.95, , N, 1.00, 0.00, 0.000, 1, 22, 100, 3.44, , N, 1.39, .56, .007, 1
CALORIE, COKE, YES, 146, 2, .014, 0.000, .0010, .0032, 1, 0, 1.0, 0, 9, 1, 3.95, , N, 1.00, 0.00, 0.000, 1, 9, 4, 5.68, , N, 1.57, .71, .047, 1
CALORIE, MANY, YES, 146, 2, .014, 0.000, 0.0000, 0.0000, 0, 0, 0.0, 0, 9, 1, 3.95, , N, 1.00, 0.00, 0.000, 1, 8, 1030, 2.67, , AJ, 2.50, .75, .231, 1
CALORIES, FAT, YES, 150, 79, .527, 0.000, .0340, .0005, 4, 1, 1.0, 0, 11, 7, ¥, , N, 1.00, .10, .001, 1, 16, 60, 4.80, , N, 1.47, .60, .229, 1
CALORIES, GOOD, YES, 150, 21, .140, 0.000, 0.0000, 0.0000, 0, 1, 0.0, 0, 11, 7, ¥, , N, 1.00, .10, .001, 1, 8, 807, 2.53, , AJ, .75, .75, .586, 1
CALORIES, WEIGHT, YES, 150, 13, .087, 0.000, .0050, .1406, 1, 1, 2.0, 1, 11, 7, ¥, , N, 1.00, .10, .001, 1, 14, 91, 4.35, , N, 1.23, .85, .085, 1
CALORIES, DIET, YES, 150, 7, .047, 0.000, .0080, .1123, 3, 1, 3.0, 1, 11, 7, ¥, , N, 1.00, .10, .001, 1, 16, 21, ¥, , N, 1.62, .39, .005, 1
CALORIES, BURN, YES, 150, 6, .040, 0.000, 0.0000, 0.0000, 0, 1, 0.0, 0, 11, 7, ¥, , N, 1.00, .10, .001, 1, 20, 15, 4.81, , V, 2.21, .32, .019, 1
CALORIES, ENERGY, YES, 150, 4, .027, 0.000, 0.0000, 0.0000, 0, 1, 0.0, 0, 11, 7, ¥, , N, 1.00, .10, .001, 1, 22, 100, 3.44, , N, 1.39, .56, .007, 1
CALORIES, COUNTER, YES, 150, 2, .013, 0.000, 0.0000, 0.0000, 0, 1, 0.0, 0, 11, 7, ¥, , N, 1.00, .10, .001, 1, 17, 31, ¥, T, N, 1.00, .20, .004, 1
CALORIES, EAT, YES, 150, 2, .013, 0.000, .0040, .0321, 2, 1, 1.0, 1, 11, 7, ¥, , N, 1.00, .10, .001, 1, 11, 61, 4.75, , N, 1.20, .70, .181, 1
CALORIES, FATTENING, YES, 150, 2, .013, .099, 0.0000, .0250, 0, 1, 3.0, 3, 11, 7, ¥, , N, 1.00, .10, .001, 1, 20, 2, ¥, , V, 2.18, .12, .002, 1
CALORIES, FEW, YES, 150, 2, .013, 0.000, 0.0000, 0.0000, 0, 1, 0.0, 0, 11, 7, ¥, , N, 1.00, .10, .001, 1, 12, 601, 3.02, , AJ, 1.90, .60, .209, 1
CALORIES, KILO, NO, 150, 2, .013, ¥, ¥, ¥, ¥, ¥, ¥, ¥, 11, 7, ¥, , N, 1.00, .10, .001, 1, ¥, ¥, ¥, , , ¥, ¥, ¥, 0
CAMEL, DESERT, YES, 148, 41, .277, 0.000, 0.0000, 0.0000, 1, 1, 0.0, 0, 11, 1, 5.93, , N, .80, 0.00, 0.000, 0, 8, 21, 5.90, N, N, .86, .43, .013, 1
CAMEL, CIGARETTE, YES, 148, 29, .196, 0.000, .0130, .0184, 1, 1, 1.0, 0, 11, 1, 5.93, , N, .80, 0.00, 0.000, 0, 11, 25, 6.03, , N, 1.91, .64, .205, 1
CAMEL, HUMP, NO, 148, 22, .149, ¥, ¥, ¥, ¥, ¥, ¥, ¥, 11, 1, 5.93, , N, .80, 0.00, 0.000, 0, ¥, ¥, ¥, , , ¥, ¥, ¥, 0
CAMEL, ANIMAL, YES, 148, 15, .101, 0.000, .0020, .0002, 2, 1, 1.0, 0, 11, 1, 5.93, , N, .80, 0.00, 0.000, 0, 28, 68, 5.65, , N, 1.81, .74, .053, 1
CAMEL, SMOKE, YES, 148, 6, .041, 0.000, .0880, .0633, 1, 1, 1.0, 0, 11, 1, 5.93, , N, .80, 0.00, 0.000, 0, 11, 41, 5.16, , N, .73, .64, .162, 1
CAMEL, WATER, YES, 148, 5, .034, 0.000, 0.0000, 0.0000, 0, 1, 0.0, 0, 11, 1, 5.93, , N, .80, 0.00, 0.000, 0, 18, 442, 6.27, , N, 2.00, .94, .146, 1
CAMEL, EGYPT, YES, 148, 3, .020, 0.000, 0.0000, .0064, 0, 1, 1.0, 1, 11, 1, 5.93, , N, .80, 0.00, 0.000, 0, 16, 14, ¥, , N, 1.18, .27, .132, 0
CAMEL, BACK, YES, 148, 2, .014, 0.000, 0.0000, 0.0000, 0, 1, 0.0, 0, 11, 1, 5.93, , N, .80, 0.00, 0.000, 0, 12, 967, 4.89, , N, 1.25, .50, .406, 1
CAMEL, DONKEY, YES, 148, 2, .014, 0.000, 0.0000, .0066, 1, 1, 2.0, 1, 11, 1, 5.93, , N, .80, 0.00, 0.000, 0, 10, 1, 6.67, , N, .67, .44, .148, 1
CAMEL, HORSE, YES, 148, 2, .014, 0.000, .0040, .0081, 2, 1, 2.0, 0, 11, 1, 5.93, , N, .80, 0.00, 0.000, 0, 16, 117, 6.03, , N, 1.15, .77, .304, 1
CAMEL, TALL, YES, 148, 2, .014, 0.000, 0.0000, 0.0000, 0, 1, 0.0, 0, 11, 1, 5.93, , N, .80, 0.00, 0.000, 0, 9, 55, 4.35, , AJ, 1.25, .63, .302, 1
CAMERA, PICTURE, YES, 145, 64, .441, .051, .0430, .0034, 2, 1, 1.0, 0, 8, 36, 6.23, , N, .71, .71, .060, 1, 11, 162, 6.75, , N, 1.50, .90, .354, 1
CAMERA, FILM, YES, 145, 24, .166, .116, 0.0000, .0291, 0, 1, 2.0, 1, 8, 36, 6.23, , N, .71, .71, .060, 1, 12, 96, 5.91, T, N, 2.00, .55, .126, 1
CAMERA, LENS, YES, 145, 13, .090, .076, 0.0000, .0019, 0, 1, 1.0, 1, 8, 36, 6.23, , N, .71, .71, .060, 1, 7, 12, 5.52, , N, 1.43, .57, .042, 1
CAMERA, PHOTO, YES, 145, 8, .055, .112, .0270, .2545, 1, 1, 1.0, 0, 8, 36, 6.23, , N, .71, .71, .060, 1, 15, 5, 5.88, , N, 1.17, .50, .047, 0
CAMERA, FLASH, YES, 145, 6, .041, .138, 0.0000, 0.0000, 0, 1, 0.0, 0, 8, 36, 6.23, , N, .71, .71, .060, 1, 11, 21, 4.82, , V, .60, .30, .012, 1
CAMERA, CASE, YES, 145, 5, .034, 0.000, 0.0000, 0.0000, 0, 1, 0.0, 0, 8, 36, 6.23, , N, .71, .71, .060, 1, 22, 362, 5.12, N, N, 1.27, .14, .006, 1
CAMERA, KODAK, NO, 145, 5, .034, ¥, ¥, ¥, ¥, ¥, ¥, ¥, 8, 36, 6.23, , N, .71, .71, .060, 1, ¥, ¥, ¥, , , ¥, ¥, ¥, 0
CAMERA, EYE, YES, 145, 3, .021, 0.000, .0080, 0.0000, 1, 1, 0.0, 0, 8, 36, 6.23, , N, .71, .71, .060, 1, 13, 122, 6.28, , N, 1.82, .73, .139, 1
CAMP, FIRE, YES, 151, 21, .139, 0.000, 0.0000, 0.0000, 0, 1, 0.0, 0, 19, 75, 5.69, , N, .83, .17, .059, 1, 18, 187, 6.13, N, N, 2.06, .63, .062, 1
CAMP, TENT, YES, 151, 19, .126, .459, 0.0000, .0009, 0, 1, 1.0, 1, 19, 75, 5.69, , N, .83, .17, .059, 1, 15, 20, 5.79, , N, 1.14, .36, .063, 1
CAMP, SUMMER, YES, 151, 15, .099, 0.000, 0.0000, .0018, 1, 1, 2.0, 2, 19, 75, 5.69, , N, .83, .17, .059, 1, 10, 134, 4.68, , N, 2.00, .40, .162, 1
CAMP, FUN, YES, 151, 12, .079, 0.000, .0020, .0004, 2, 1, 1.0, 1, 19, 75, 5.69, , N, .83, .17, .059, 1, 15, 44, 2.45, , N, 2.13, .73, .058, 1
CAMP, SCOUT, YES, 151, 6, .040, 0.000, 0.0000, 0.0000, 0, 1, 0.0, 0, 19, 75, 5.69, , N, .83, .17, .059, 1, 10, 8, 5.68, , N, .30, .20, .010, 1
CAMP, DAVID, NO, 151, 5, .033, ¥, ¥, ¥, ¥, ¥, ¥, ¥, 19, 75, 5.69, , N, .83, .17, .059, 1, ¥, ¥, ¥, , , ¥, ¥, ¥, 0
CAMP, CHILD, YES, 151, 4, .026, 0.000, .0110, .0022, 2, 1, 1.0, 0, 19, 75, 5.69, , N, .83, .17, .059, 1, 15, 213, 5.72, , N, 2.60, .53, .163, 1
CAMP, GROUND, YES, 151, 4, .026, 0.000, 0.0000, 0.0000, 0, 1, 0.0, 0, 19, 75, 5.69, , N, .83, .17, .059, 1, 14, 186, 5.44, N, N, 1.00, .36, .041, 1
CAMP, MOSQUITO, YES, 151, 4, .026, 0.000, 0.0000, .0014, 0, 1, 1.0, 1, 19, 75, 5.69, , N, .83, .17, .059, 1, 10, 1, 6.96, , N, 1.90, .50, .019, 1
CAMP, SITE, YES, 151, 4, .026, .026, 0.0000, 0.0000, 0, 1, 0.0, 0, 19, 75, 5.69, , N, .83, .17, .059, 1, 20, 64, 4.50, , N, 1.45, .20, .013, 1
CAMP, WOODS, YES, 151, 4, .026, 0.000, .0070, .0005, 3, 1, 1.0, 0, 19, 75, 5.69, , N, .83, .17, .059, 1, 14, 25, 6.87, , N, 1.36, .29, .028, 1
CAMP, CABIN, YES, 151, 3, .020, .020, .0010, .0037, 1, 1, 1.0, 0, 19, 75, 5.69, , N, .83, .17, .059, 1, 9, 23, 6.96, , N, .88, .50, .050, 1
CAMP, DAY, YES, 151, 3, .020, 0.000, .0090, .0106, 1, 1, 1.0, 0, 19, 75, 5.69, , N, .83, .17, .059, 1, 6, 686, 4.67, , N, .67, .67, .574, 1
CAMP, KID, YES, 151, 3, .020, 0.000, .0030, .0123, 1, 1, 1.0, 0, 19, 75, 5.69, , N, .83, .17, .059, 1, 12, 61, 5.32, N, N, 2.50, .58, .063, 1
CAMP, LAKE, YES, 151, 3, .020, 0.000, 0.0000, .0012, 0, 1, 1.0, 1, 19, 75, 5.69, , N, .83, .17, .059, 1, 15, 54, 5.70, , N, 2.50, .43, .052, 1
CAMP, CANOE, YES, 151, 2, .013, 0.000, 0.0000, .0004, 0, 1, 1.0, 1, 19, 75, 5.69, , N, .83, .17, .059, 1, 8, 7, 6.50, , N, 2.12, .50, .020, 1
CAMP, COUNTRY, YES, 151, 2, .013, 0.000, 0.0000, .0007, 0, 1, 1.0, 1, 19, 75, 5.69, , N, .83, .17, .059, 1, 19, 324, 4.54, P, N, 1.11, .47, .057, 1
CAMP, NIGHT, YES, 151, 2, .013, 0.000, .0160, .0137, 1, 1, 1.0, 0, 19, 75, 5.69, , N, .83, .17, .059, 1, 6, 411, 4.83, G, N, .50, .67, .606, 1
CAMP, SWIM, YES, 151, 2, .013, 0.000, .0040, .0017, 3, 1, 1.0, 1, 19, 75, 5.69, , N, .83, .17, .059, 1, 19, 15, 4.85, G, V, 1.94, .69, .076, 1
CAMPAIGN, POLITICS, YES, 140, 28, .200, .014, .0100, .0434, 5, 0, 2.0, 1, 15, 94, ¥, , N, 1.80, .33, .010, 1, 13, 69, 2.59, , N, 1.00, .50, .021, 0
CAMPAIGN, ELECTION, YES, 140, 26, .186, .021, .0080, .0566, 3, 0, 4.0, 1, 15, 94, ¥, , N, 1.80, .33, .010, 1, 12, 77, 4.05, , N, 1.92, .33, .057, 1
CAMPAIGN, PRESIDENT, YES, 140, 23, .164, 0.000, .1030, .0030, 6, 0, 2.0, 0, 15, 94, ¥, , N, 1.80, .33, .010, 1, 19, 382, 5.40, , N, 1.38, .46, .051, 0
CAMPAIGN, SLOGAN, YES, 140, 11, .079, .033, 0.0000, .0002, 0, 0, 1.0, 1, 15, 94, ¥, , N, 1.80, .33, .010, 1, 19, 7, ¥, , N, 1.08, .08, .003, 0
CAMPAIGN, VOTE, YES, 140, 4, .029, .019, .0560, .0402, 2, 0, 5.0, 3, 15, 94, ¥, , N, 1.80, .33, .010, 1, 21, 75, 3.85, , N, 2.39, .39, .108, 1
CAMPAIGN, RUN, YES, 140, 3, .021, 0.000, 0.0000, 0.0000, 1, 0, 0.0, 0, 15, 94, ¥, , N, 1.80, .33, .010, 1, 10, 212, 4.51, , V, 1.00, .80, .353, 1
CAMPAIGN, TRAIL, YES, 140, 3, .021, 0.000, 0.0000, 0.0000, 0, 0, 0.0, 0, 15, 94, ¥, , N, 1.80, .33, .010, 1, 21, 31, 5.23, G, V, 1.95, .29, .049, 1
CAMPAIGN, CANDIDATE, YES, 140, 2, .014, .014, .0160, .0855, 3, 0, 6.0, 4, 15, 94, ¥, , N, 1.80, .33, .010, 1, 17, 34, 5.53, , N, 2.50, .33, .013, 1
CAMPAIGN, DRINK, YES, 140, 2, .014, 0.000, .0010, 0.0000, 1, 0, 0.0, 0, 15, 94, ¥, , N, 1.80, .33, .010, 1, 20, 82, 4.95, G, V, 2.58, .90, .117, 1
CAMPAIGN, FUND, YES, 140, 2, .014, 0.000, 0.0000, .0102, 0, 0, 1.0, 1, 15, 94, ¥, , N, 1.80, .33, .010, 1, 8, 62, ¥, , N, 1.00, 0.00, 0.000, 0
CAMPAIGN, GOVERNMENT, YES, 140, 2, .014, 0.000, .0340, .0301, 4, 0, 2.0, 0, 15, 94, ¥, , N, 1.80, .33, .010, 1, 19, 417, 4.63, , N, 1.35, .47, .047, 1
CAMPAIGN, MONEY, YES, 140, 2, .014, 0.000, .0100, 0.0000, 1, 0, 0.0, 0, 15, 94, ¥, , N, 1.80, .33, .010, 1, 19, 265, 5.77, , N, 1.39, .89, .312, 1
CAMPAIGN, PARTY, YES, 140, 2, .014, 0.000, 0.0000, .0008, 0, 0, 1.0, 1, 15, 94, ¥, , N, 1.80, .33, .010, 1, 22, 216, 5.50, T, N, 1.29, .33, .029, 1
CAMPAIGN, SENATOR, YES, 140, 2, .014, 0.000, 0.0000, .0260, 0, 0, 3.0, 3, 15, 94, ¥, , N, 1.80, .33, .010, 1, 18, 40, ¥, , N, 3.14, .21, .007, 0
CAMPAIGN, WINNER, YES, 140, 2, .014, 0.000, 0.0000, 0.0000, 1, 0, 0.0, 0, 15, 94, ¥, , N, 1.80, .33, .010, 1, 10, 8, 4.08, , N, .50, .40, .319, 1
CAMPING, TENT, YES, 152, 34, .224, 0.000, 0.0000, .0026, 0, 2, 2.0, 2, 17, 18, ¥, , V, 1.67, .20, .010, 1, 15, 20, 5.79, , N, 1.14, .36, .063, 1
CAMPING, GROUND, YES, 152, 18, .118, 0.000, 0.0000, 0.0000, 0, 2, 0.0, 0, 17, 18, ¥, , V, 1.67, .20, .010, 1, 14, 186, 5.44, N, N, 1.00, .36, .041, 1
CAMPING, FIRE, YES, 152, 12, .079, 0.000, .0010, 0.0000, 1, 2, 0.0, 0, 17, 18, ¥, , V, 1.67, .20, .010, 1, 18, 187, 6.13, N, N, 2.06, .63, .062, 1
CAMPING, WOODS, YES, 152, 11, .072, 0.000, .0210, .0036, 6, 2, 3.0, 1, 17, 18, ¥, , V, 1.67, .20, .010, 1, 14, 25, 6.87, , N, 1.36, .29, .028, 1
CAMPING, OUTDOORS, YES, 152, 9, .059, .099, 0.0000, .0096, 1, 2, 4.0, 3, 17, 18, ¥, , V, 1.67, .20, .010, 1, 21, 6, ¥, , ADJ, 1.32, .16, .132, 1
CAMPING, FISHING, YES, 152, 7, .046, 0.000, 0.0000, 0.0000, 0, 2, 0.0, 0, 17, 18, ¥, , V, 1.67, .20, .010, 1, 15, 32, 5.05, , N, 2.00, .50, .065, 1
CAMPING, HIKING, YES, 152, 7, .046, .040, .0010, .0073, 1, 2, 5.0, 5, 17, 18, ¥, , V, 1.67, .20, .010, 1, 18, 2, ¥, , N, 1.62, .06, .002, 1
CAMPING, FUN, YES, 152, 6, .039, 0.000, .0020, 0.0000, 2, 2, 0.0, 0, 17, 18, ¥, , V, 1.67, .20, .010, 1, 15, 44, 2.45, , N, 2.13, .73, .058, 1
CAMPING, TRIP, YES, 152, 6, .039, 0.000, .0010, .0004, 1, 2, 1.0, 1, 17, 18, ¥, , V, 1.67, .20, .010, 1, 10, 81, 4.39, T, N, 1.40, .70, .141, 1
CAMPING, WILDERNESS, YES, 152, 5, .033, .061, .0010, .0105, 2, 2, 3.0, 1, 17, 18, ¥, , V, 1.67, .20, .010, 1, 12, 11, ¥, , N, 1.82, .27, .006, 1
CAMPING, MOSQUITO, YES, 152, 3, .020, 0.000, 0.0000, 0.0000, 0, 2, 0.0, 0, 17, 18, ¥, , V, 1.67, .20, .010, 1, 10, 1, 6.96, , N, 1.90, .50, .019, 1
CAMPING, OUT, YES, 152, 3, .020, 0.000, .0010, 0.0000, 1, 2, 0.0, 0, 17, 18, ¥, , V, 1.67, .20, .010, 1, 6, 2096, 2.40, G, AD, .20, .40, .758, 1
CAMPING, BUGS, NO, 152, 2, .013, ¥, ¥, ¥, ¥, ¥, ¥, ¥, 17, 18, ¥, , V, 1.67, .20, .010, 1, ¥, ¥, ¥, , , ¥, ¥, ¥, 0
CAMPING, CANOEING, NO, 152, 2, .013, ¥, ¥, ¥, ¥, ¥, ¥, ¥, 17, 18, ¥, , V, 1.67, .20, .010, 1, ¥, ¥, ¥, , , ¥, ¥, ¥, 0
CAMPING, FOREST, YES, 152, 2, .013, 0.000, .0300, .0109, 4, 2, 3.0, 1, 17, 18, ¥, , V, 1.67, .20, .010, 1, 9, 66, 6.37, , N, 1.00, .56, .050, 1
CAMPING, MOUNTAIN, YES, 152, 2, .013, 0.000, .0110, 0.0000, 2, 2, 0.0, 0, 17, 18, ¥, , V, 1.67, .20, .010, 1, 17, 33, 6.25, , N, 1.29, .50, .169, 1
CAMPING, NATURE, YES, 152, 2, .013, 0.000, .0020, .0067, 3, 2, 4.0, 2, 17, 18, ¥, , V, 1.67, .20, .010, 1, 19, 191, ¥, , N, 1.68, .42, .008, 1
CAMPUS, SCHOOL, YES, 148, 69, .466, 0.000, .0500, .0160, 2, 3, 2.0, 0, 12, 18, ¥, , N, 1.11, 0.00, 0.000, 0, 22, 492, 5.25, T, N, 3.35, .70, .086, 1
CAMPUS, COLLEGE, YES, 148, 17, .115, 0.000, .0700, .1180, 2, 3, 2.0, 0, 12, 18, ¥, , N, 1.11, 0.00, 0.000, 0, 15, 267, 5.35, , N, 3.29, .50, .066, 1
CAMPUS, USF, NO, 148, 15, .101, ¥, ¥, ¥, ¥, ¥, ¥, ¥, 12, 18, ¥, , N, 1.11, 0.00, 0.000, 0, ¥, ¥, ¥, , , ¥, ¥, ¥, 0
CAMPUS, UNIVERSITY, YES, 148, 10, .068, 0.000, .0120, .1914, 1, 3, 4.0, 2, 12, 18, ¥, , N, 1.11, 0.00, 0.000, 0, 14, 214, 5.87, , N, 3.15, .23, .029, 1
CAMPUS, BIG, YES, 148, 4, .027, 0.000, .0030, .0010, 1, 3, 1.0, 0, 12, 18, ¥, , N, 1.11, 0.00, 0.000, 0, 9, 360, 2.83, , AJ, 1.44, .67, .293, 1
CAMPUS, STUDENTS, NO, 148, 3, .020, ¥, ¥, ¥, ¥, ¥, ¥, ¥, 12, 18, ¥, , N, 1.11, 0.00, 0.000, 0, ¥, ¥, ¥, , , ¥, ¥, ¥, 0
CAMPUS, CLASSES, NO, 148, 2, .014, ¥, ¥, ¥, ¥, ¥, ¥, ¥, 12, 18, ¥, , N, 1.11, 0.00, 0.000, 0, ¥, ¥, ¥, , , ¥, ¥, ¥, 0
CAMPUS, COP, YES, 148, 2, .014, 0.000, 0.0000, 0.0000, 0, 3, 0.0, 0, 12, 18, ¥, , N, 1.11, 0.00, 0.000, 0, 16, 15, 6.36, , N, 2.33, .47, .126, 1
CAMPUS, GIRLS, YES, 148, 2, .014, 0.000, 0.0000, 0.0000, 0, 3, 0.0, 0, 12, 18, ¥, , N, 1.11, 0.00, 0.000, 0, 10, 142, ¥, , N, 1.62, .25, .269, 1
CAMPUS, LARGE, YES, 148, 2, .014, 0.000, .0030, .0051, 2, 3, 1.0, 0, 12, 18, ¥, , N, 1.11, 0.00, 0.000, 0, 6, 361, 3.14, , AJ, 2.33, 1.00, .127, 1
CAMPUS, PEOPLE, YES, 148, 2, .014, 0.000, 0.0000, 0.0000, 0, 3, 0.0, 0, 12, 18, ¥, , N, 1.11, 0.00, 0.000, 0, 18, 847, 5.51, , N, 1.44, .61, .126, 1
CAMPUS, WALK, YES, 148, 2, .014, 0.000, 0.0000, 0.0000, 0, 3, 0.0, 0, 12, 18, ¥, , N, 1.11, 0.00, 0.000, 0, 12, 100, 4.28, , V, 1.00, .67, .237, 0
CAN, ALUMINUM, YES, 148, 12, .081, .315, .0030, .0056, 1, 1, 1.0, 0, 20, 1772, 3.61, N, V, 1.95, .58, .120, 1, 8, 18, 5.19, , N, 1.75, .75, .101, 1
CAN, BEER, YES, 148, 11, .074, .049, .0100, .0073, 2, 1, 1.0, 0, 20, 1772, 3.61, N, V, 1.95, .58, .120, 1, 22, 34, 5.83, , N, 2.17, .67, .094, 1
CAN, SODA, YES, 148, 11, .074, .034, .0130, .0155, 4, 1, 3.0, 0, 20, 1772, 3.61, N, V, 1.95, .58, .120, 1, 12, 3, 5.96, , N, 1.80, .70, .227, 1
CAN, TIN, YES, 148, 10, .068, .503, .0070, .0042, 1, 1, 2.0, 1, 20, 1772, 3.61, N, V, 1.95, .58, .120, 1, 13, 12, 5.87, , N, 1.15, .39, .045, 1
CAN, COKE, YES, 148, 9, .061, 0.000, .0230, .0251, 3, 1, 3.0, 1, 20, 1772, 3.61, N, V, 1.95, .58, .120, 1, 9, 4, 5.68, , N, 1.57, .71, .047, 1
CAN, BOTTLE, YES, 148, 7, .047, 0.000, .0010, .0237, 2, 1, 7.0, 5, 20, 1772, 3.61, N, V, 1.95, .58, .120, 1, 20, 76, 6.94, , N, 2.80, .45, .011, 1
CAN, JAR, YES, 148, 7, .047, .082, .0030, .0025, 2, 1, 3.0, 1, 20, 1772, 3.61, N, V, 1.95, .58, .120, 1, 13, 16, 5.77, N, N, 1.54, .69, .056, 1
CAN, OPENER, YES, 148, 7, .047, .768, .0010, .0006, 1, 1, 1.0, 0, 20, 1772, 3.61, N, V, 1.95, .58, .120, 1, 4, 6, ¥, , N, .25, .50, .036, 1
CAN, CAN'T, NO, 148, 6, .041, ¥, ¥, ¥, ¥, ¥, ¥, ¥, 20, 1772, 3.61, N, V, 1.95, .58, .120, 1, ¥, ¥, ¥, , , ¥, ¥, ¥, 0
CAN, DO, YES, 148, 6, .041, 0.000, .0010, 0.0000, 1, 1, 0.0, 0, 20, 1772, 3.61, N, V, 1.95, .58, .120, 1, 20, 1363, 2.72, , V, 1.18, .53, .013, 0
CAN, DRINK, YES, 148, 6, .041, 0.000, .0390, .0139, 8, 1, 4.0, 0, 20, 1772, 3.61, N, V, 1.95, .58, .120, 1, 20, 82, 4.95, G, V, 2.58, .90, .117, 1
CAN, GARBAGE, YES, 148, 6, .041, .128, .0070, .0064, 1, 1, 1.0, 0, 20, 1772, 3.61, N, V, 1.95, .58, .120, 1, 14, 7, 5.68, , N, .83, .42, .252, 1
CAN, WILL, YES, 148, 6, .041, 0.000, 0.0000, .0004, 0, 1, 1.0, 1, 20, 1772, 3.61, N, V, 1.95, .58, .120, 1, 12, 2244, 2.65, W, N, .67, .33, .002, 0
CAN, SOUP, YES, 148, 5, .034, .018, .0010, .0015, 1, 1, 2.0, 2, 20, 1772, 3.61, N, V, 1.95, .58, .120, 1, 25, 16, 6.11, , N, 2.38, .54, .059, 1
CAN, ABLE, YES, 148, 4, .027, .196, .0010, .0011, 1, 1, 1.0, 1, 20, 1772, 3.61, N, V, 1.95, .58, .120, 1, 15, 216, 2.91, , AJ, 1.12, .50, .098, 0
CAN, FOOD, YES, 148, 4, .027, 0.000, .0010, .0021, 1, 1, 1.0, 1, 20, 1772, 3.61, N, V, 1.95, .58, .120, 1, 18, 147, 5.84, , N, 1.69, .63, .203, 1
CAN, CUP, YES, 148, 3, .020, 0.000, .0020, .0041, 3, 1, 2.0, 1, 20, 1772, 3.61, N, V, 1.95, .58, .120, 1, 10, 45, 5.35, , N, 2.50, .70, .259, 1
CAN, LID, YES, 148, 2, .014, .022, .0050, .0065, 1, 1, 1.0, 0, 20, 1772, 3.61, N, V, 1.95, .58, .120, 1, 10, 19, 5.55, , N, 1.20, .40, .057, 1
CAN, PEPSI, YES, 148, 2, .014, 0.000, .0220, .0090, 3, 1, 2.0, 1, 20, 1772, 3.61, N, V, 1.95, .58, .120, 1, 5, 0, ¥, , N, .80, .40, .002, 1
CAN, TRASH, YES, 148, 2, .014, .212, .0190, .0216, 1, 1, 1.0, 0, 20, 1772, 3.61, N, V, 1.95, .58, .120, 1, 11, 2, 5.76, , N, 2.00, .50, .249, 1
CANAL, WATER, YES, 184, 46, .250, 0.000, .0440, .0003, 6, 3, 1.0, 0, 18, 3, 5.73, , N, 1.53, .13, .003, 1, 18, 442, 6.27, , N, 2.00, .94, .146, 1
CANAL, PANAMA, NO, 184, 22, .120, ¥, ¥, ¥, ¥, ¥, ¥, ¥, 18, 3, 5.73, , N, 1.53, .13, .003, 1, ¥, ¥, ¥, , , ¥, ¥, ¥, 0
CANAL, RIVER, YES, 184, 21, .114, 0.000, .0130, .0258, 3, 3, 4.0, 2, 18, 3, 5.73, , N, 1.53, .13, .003, 1, 20, 165, 5.83, , N, 2.29, .35, .080, 1
CANAL, ERIE, NO, 184, 13, .071, ¥, ¥, ¥, ¥, ¥, ¥, ¥, 18, 3, 5.73, , N, 1.53, .13, .003, 1, ¥, ¥, ¥, , , ¥, ¥, ¥, 0
CANAL, BOAT, YES, 184, 12, .065, 0.000, .0060, .0905, 2, 3, 1.0, 1, 18, 3, 5.73, , N, 1.53, .13, .003, 1, 16, 72, 6.33, , N, 1.62, .63, .201, 1
CANAL, ROOT, YES, 184, 6, .033, .094, 0.0000, 0.0000, 0, 3, 0.0, 0, 18, 3, 5.73, , N, 1.53, .13, .003, 1, 10, 30, 5.54, N, N, .70, .20, .006, 1
CANAL, LAKE, YES, 184, 4, .022, 0.000, .0170, .0788, 4, 3, 4.0, 0, 18, 3, 5.73, , N, 1.53, .13, .003, 1, 15, 54, 5.70, , N, 2.50, .43, .052, 1
CANAL, STREAM, YES, 184, 3, .016, 0.000, .0140, .1159, 3, 3, 4.0, 1, 18, 3, 5.73, , N, 1.53, .13, .003, 1, 10, 51, 6.24, , N, 2.60, .50, .077, 1
CANAL, ZONE, YES, 184, 3, .016, 0.000, 0.0000, 0.0000, 0, 3, 0.0, 0, 18, 3, 5.73, , N, 1.53, .13, .003, 1, 20, 11, 3.88, , N, .89, .11, .025, 1
CANAL, BIRTH, YES, 184, 2, .011, 0.000, 0.0000, 0.0000, 0, 3, 0.0, 0, 18, 3, 5.73, , N, 1.53, .13, .003, 1, 13, 66, 4.67, , N, .75, .17, .009, 1
CANAL, CREEK, YES, 184, 2, .011, 0.000, .0010, .0772, 1, 3, 4.0, 3, 18, 3, 5.73, , N, 1.53, .13, .003, 1, 13, 14, 5.95, , N, 2.69, .15, .006, 1
CANAL, DIRTY, YES, 184, 2, .011, 0.000, 0.0000, 0.0000, 0, 3, 0.0, 0, 18, 3, 5.73, , N, 1.53, .13, .003, 1, 15, 36, 4.08, , AJ, .64, .36, .239, 1
CANAL, DITCH, YES, 184, 2, .011, .031, 0.0000, .0103, 0, 3, 1.0, 1, 18, 3, 5.73, , N, 1.53, .13, .003, 1, 14, 10, 5.28, , N, 1.54, .31, .024, 1
CANAL, DOG, YES, 184, 2, .011, 0.000, 0.0000, .0002, 1, 3, 1.0, 0, 18, 3, 5.73, , N, 1.53, .13, .003, 1, 5, 75, 5.75, , N, .40, .80, .437, 1
CANAL, HOUSE, YES, 184, 2, .011, 0.000, 0.0000, .0013, 2, 3, 2.0, 1, 18, 3, 5.73, , N, 1.53, .13, .003, 1, 13, 591, 6.21, , N, 1.00, .85, .223, 1
CANAL, STREET, YES, 184, 2, .011, 0.000, 0.0000, .0001, 0, 3, 1.0, 1, 18, 3, 5.73, , N, 1.53, .13, .003, 1, 15, 244, 5.84, , N, 1.87, .67, .200, 1
CANAL, SUEZ, NO, 184, 2, .011, ¥, ¥, ¥, ¥, ¥, ¥, ¥, 18, 3, 5.73, , N, 1.53, .13, .003, 1, ¥, ¥, ¥, , , ¥, ¥, ¥, 0
CANAL, TOOTH, YES, 184, 2, .011, 0.000, 0.0000, 0.0000, 0, 3, 0.0, 0, 18, 3, 5.73, , N, 1.53, .13, .003, 1, 14, 20, 6.15, , N, .50, .43, .105, 1
CANARY, BIRD, YES, 130, 90, .692, .030, .0030, .0012, 2, 0, 2.0, 1, 4, 0, 5.56, , N, 1.50, .25, .021, 1, 23, 31, 5.77, , N, 1.45, .68, .198, 1
CANARY, YELLOW, YES, 130, 14, .111, 0.000, 0.0000, .0187, 0, 0, 1.0, 1, 4, 0, 5.56, , N, 1.50, .25, .021, 1, 20, 55, 5.18, N, N, 2.21, .58, .043, 1
CANARY, SING, YES, 130, 4, .032, 0.000, .0250, .0073, 2, 0, 1.0, 0, 4, 0, 5.56, , N, 1.50, .25, .021, 1, 17, 34, 4.12, , V, 2.69, .50, .182, 1
CANARY, SONG, YES, 130, 2, .016, 0.000, .0250, .0280, 2, 0, 2.0, 0, 4, 0, 5.56, , N, 1.50, .25, .021, 1, 16, 70, 5.04, , N, 1.57, .57, .163, 1
CANCER, DEATH, YES, 148, 43, .291, 0.000, .0110, .0058, 4, 0, 1.0, 0, 13, 25, 5.93, , N, 2.00, .46, .020, 1, 15, 277, 3.86, , N, 1.85, .69, .170, 1
CANCER, DISEASE, YES, 148, 34, .230, .035, .0020, .0294, 3, 0, 2.0, 1, 13, 25, 5.93, , N, 2.00, .46, .020, 1, 12, 53, 5.63, , N, 1.64, .46, .067, 1
CANCER, SICK, YES, 148, 16, .108, 0.000, .0880, .0086, 6, 0, 2.0, 0, 13, 25, 5.93, , N, 2.00, .46, .020, 1, 13, 51, 3.89, , AJ, 2.23, .92, .390, 1
CANCER, DIE, YES, 148, 11, .074, 0.000, .0250, .0330, 3, 0, 2.0, 0, 13, 25, 5.93, , N, 2.00, .46, .020, 1, 21, 73, 3.54, N, V, 2.79, .42, .153, 1
CANCER, HOSPITAL, YES, 148, 4, .027, 0.000, .0110, .0417, 3, 0, 4.0, 2, 13, 25, 5.93, , N, 2.00, .46, .020, 1, 17, 110, 6.80, , N, 1.76, .41, .039, 1
CANCER, PATIENT, YES, 148, 4, .027, 0.000, 0.0000, .0082, 1, 0, 2.0, 1, 13, 25, 5.93, , N, 2.00, .46, .020, 1, 10, 86, 5.11, P, AJ, 1.40, .40, .016, 1
CANCER, ILL, YES, 148, 3, .020, 0.000, .0400, .0890, 3, 0, 1.0, 0, 13, 25, 5.93, , N, 2.00, .46, .020, 1, 6, 39, 3.49, , AJ, 1.83, .50, .294, 1
CANCER, KILL, YES, 148, 3, .020, 0.000, .0020, .0149, 1, 0, 2.0, 1, 13, 25, 5.93, , N, 2.00, .46, .020, 1, 19, 63, 3.77, , V, 2.06, .47, .200, 1
CANCER, LUNG, YES, 148, 3, .020, .150, 0.0000, .0044, 0, 0, 2.0, 2, 13, 25, 5.93, , N, 2.00, .46, .020, 1, 11, 16, 5.65, , N, 1.82, .27, .027, 1
CANCER, SMOKE, YES, 148, 3, .020, .031, .0010, 0.0000, 1, 0, 0.0, 0, 13, 25, 5.93, , N, 2.00, .46, .020, 1, 11, 41, 5.16, , N, .73, .64, .162, 1
CANCER, TUMOR, YES, 148, 3, .020, .351, 0.0000, .0249, 0, 0, 5.0, 5, 13, 25, 5.93, , N, 2.00, .46, .020, 1, 17, 17, ¥, , N, 1.86, .21, .011, 1
CANCER, BREAST, YES, 148, 2, .014, .028, 0.0000, 0.0000, 0, 0, 0.0, 0, 13, 25, 5.93, , N, 2.00, .46, .020, 1, 20, 11, 6.80, , N, 1.81, .25, .009, 0
CANCER, CURE, YES, 148, 2, .014, .035, .0140, .0344, 1, 0, 3.0, 2, 13, 25, 5.93, , N, 2.00, .46, .020, 1, 15, 28, 3.54, , N, 2.71, .43, .039, 1
CANDIDATE, PRESIDENT, YES, 146, 33, .226, 0.000, .0780, .0033, 6, 5, 2.0, 0, 17, 34, 5.53, , N, 2.50, .33, .013, 1, 19, 382, 5.40, , N, 1.38, .46, .051, 0
CANDIDATE, ELECTION, YES, 146, 23, .158, .079, .0070, .0646, 3, 5, 5.0, 2, 17, 34, 5.53, , N, 2.50, .33, .013, 1, 12, 77, 4.05, , N, 1.92, .33, .057, 1
CANDIDATE, POLITICS, YES, 146, 13, .089, 0.000, .0100, .0580, 6, 5, 3.0, 1, 17, 34, 5.53, , N, 2.50, .33, .013, 1, 13, 69, 2.59, , N, 1.00, .50, .021, 0
CANDIDATE, POLITICIAN, YES, 146, 11, .075, 0.000, .0060, .0253, 4, 5, 3.0, 2, 17, 34, 5.53, , N, 2.50, .33, .013, 1, 17, 13, ¥, , N, 2.20, .20, .012, 1
CANDIDATE, ELECT, YES, 146, 4, .027, .011, .0020, .0536, 1, 5, 4.0, 3, 17, 34, 5.53, , N, 2.50, .33, .013, 1, 15, 8, 2.62, , V, 1.83, .17, .042, 1
CANDIDATE, RUN, YES, 146, 4, .027, 0.000, 0.0000, 0.0000, 1, 5, 0.0, 0, 17, 34, 5.53, , N, 2.50, .33, .013, 1, 10, 212, 4.51, , V, 1.00, .80, .353, 1
CANDIDATE, CONTESTANT, NO, 146, 3, .021, ¥, ¥, ¥, ¥, ¥, ¥, ¥, 17, 34, 5.53, , N, 2.50, .33, .013, 1, ¥, ¥, ¥, , , ¥, ¥, ¥, 0
CANDIDATE, PERSON, YES, 146, 3, .021, 0.000, 0.0000, 0.0000, 0, 5, 0.0, 0, 17, 34, 5.53, , N, 2.50, .33, .013, 1, 14, 175, 6.51, , N, 1.85, .31, .081, 1
CANDIDATE, WINNER, YES, 146, 3, .021, 0.000, 0.0000, 0.0000, 1, 5, 0.0, 0, 17, 34, 5.53, , N, 2.50, .33, .013, 1, 10, 8, 4.08, , N, .50, .40, .319, 1
CANDIDATE, CAMPAIGN, YES, 146, 2, .014, .014, .0060, .0855, 4, 5, 6.0, 3, 17, 34, 5.53, , N, 2.50, .33, .013, 1, 15, 94, ¥, , N, 1.80, .33, .010, 1
CANDIDATE, COMPETITOR, NO, 146, 2, .014, ¥, ¥, ¥, ¥, ¥, ¥, ¥, 17, 34, 5.53, , N, 2.50, .33, .013, 1, ¥, ¥, ¥, , , ¥, ¥, ¥, 0
CANDIDATE, CONTENDER, NO, 146, 2, .014, ¥, ¥, ¥, ¥, ¥, ¥, ¥, 17, 34, 5.53, , N, 2.50, .33, .013, 1, ¥, ¥, ¥, , , ¥, ¥, ¥, 0
CANDIDATE, JERK, YES, 146, 2, .014, 0.000, 0.0000, 0.0000, 0, 5, 0.0, 0, 17, 34, 5.53, , N, 2.50, .33, .013, 1, 22, 2, 4.53, N, V, 1.15, .25, .007, 1
CANDIDATE, NOMINEE, NO, 146, 2, .014, ¥, ¥, ¥, ¥, ¥, ¥, ¥, 17, 34, 5.53, , N, 2.50, .33, .013, 1, ¥, ¥, ¥, , , ¥, ¥, ¥, 0
CANDIDATE, REPRESENTATIVE, NO, 146, 2, .014, ¥, ¥, ¥, ¥, ¥, ¥, ¥, 17, 34, 5.53, , N, 2.50, .33, .013, 1, ¥, ¥, ¥, , , ¥, ¥, ¥, 0
CANDIDATE, REPUBLICAN, YES, 146, 2, .014, 0.000, .0040, .0018, 1, 5, 1.0, 0, 17, 34, 5.53, , N, 2.50, .33, .013, 1, 9, 54, ¥, , ADJ, .29, .29, .299, 1
CANDIDATE, VOTE, YES, 146, 2, .014, .013, .0540, .0415, 3, 5, 6.0, 3, 17, 34, 5.53, , N, 2.50, .33, .013, 1, 21, 75, 3.85, , N, 2.39, .39, .108, 1
CANDLE, LIGHT, YES, 138, 40, .290, 0.000, .0070, 0.0000, 2, 0, 0.0, 0, 8, 18, 5.37, , N, 1.38, .50, .081, 1, 12, 333, 5.39, N, N, 1.27, .82, .361, 1
CANDLE, WAX, YES, 138, 28, .203, .166, 0.0000, 0.0000, 0, 0, 0.0, 0, 8, 18, 5.37, , N, 1.38, .50, .081, 1, 13, 14, 5.47, N, N, .50, .50, .043, 1
CANDLE, FLAME, YES, 138, 17, .123, .016, .0040, .0241, 3, 0, 2.0, 0, 8, 18, 5.37, , N, 1.38, .50, .081, 1, 14, 17, 5.81, , N, 2.67, .42, .031, 1
CANDLE, BURN, YES, 138, 11, .080, 0.000, .0110, .0129, 2, 0, 2.0, 0, 8, 18, 5.37, , N, 1.38, .50, .081, 1, 20, 15, 4.81, , V, 2.21, .32, .019, 1
CANDLE, STICK, YES, 138, 8, .058, 0.000, .0010, 0.0000, 1, 0, 0.0, 0, 8, 18, 5.37, , N, 1.38, .50, .081, 1, 24, 39, 6.00, N, N, 1.24, .33, .056, 1
CANDLE, WICK, YES, 138, 7, .051, .841, 0.0000, .0049, 0, 0, 2.0, 2, 8, 18, 5.37, , N, 1.38, .50, .081, 1, 3, 4, 5.45, , N, .67, .33, .043, 1
CANDLE, FIRE, YES, 138, 5, .036, 0.000, .0850, .0103, 3, 0, 2.0, 0, 8, 18, 5.37, , N, 1.38, .50, .081, 1, 18, 187, 6.13, N, N, 2.06, .63, .062, 1
CANDLE, LIT, YES, 138, 4, .029, .075, 0.0000, .0626, 0, 0, 3.0, 3, 8, 18, 5.37, , N, 1.38, .50, .081, 1, 15, 17, 4.23, , V, 2.00, .07, .002, 1
CANDY, SWEET, YES, 143, 48, .336, .162, .0260, .0057, 2, 0, 3.0, 1, 14, 16, 6.56, , N, 1.14, .43, .077, 1, 12, 70, 4.53, , AJ, 2.08, .67, .255, 1
CANDY, BAR, YES, 143, 15, .105, 0.000, .0050, 0.0000, 1, 0, 0.0, 0, 14, 16, 6.56, , N, 1.14, .43, .077, 1, 13, 82, 6.40, N, N, 2.23, .46, .013, 1
CANDY, CANE, YES, 143, 13, .091, .072, .0040, .0134, 1, 0, 1.0, 0, 14, 16, 6.56, , N, 1.14, .43, .077, 1, 14, 12, 6.93, N, N, 1.25, .33, .030, 1
CANDY, CHOCOLATE, YES, 143, 7, .049, .196, .0150, .0455, 2, 0, 3.0, 2, 14, 16, 6.56, , N, 1.14, .43, .077, 1, 17, 9, 5.72, , N, 1.82, .71, .078, 1
CANDY, GOOD, YES, 143, 7, .049, 0.000, .0100, 0.0000, 3, 0, 0.0, 0, 14, 16, 6.56, , N, 1.14, .43, .077, 1, 8, 807, 2.53, , AJ, .75, .75, .586, 1
CANDY, GUM, YES, 143, 7, .049, .081, 0.0000, 0.0000, 0, 0, 0.0, 0, 14, 16, 6.56, , N, 1.14, .43, .077, 1, 9, 14, 6.05, , N, 1.00, .56, .245, 1
CANDY, SUGAR, YES, 143, 7, .049, .024, .0460, .1527, 3, 0, 2.0, 0, 14, 16, 6.56, , N, 1.14, .43, .077, 1, 12, 34, 6.35, , N, 1.50, .75, .071, 1
CANDY, APPLE, YES, 143, 5, .035, 0.000, 0.0000, 0.0000, 0, 0, 0.0, 0, 14, 16, 6.56, , N, 1.14, .43, .077, 1, 17, 9, 7.00, , V, 1.82, .77, .090, 1
CANDY, CALORIES, YES, 143, 4, .028, 0.000, .0020, .0071, 1, 0, 2.0, 1, 14, 16, 6.56, , N, 1.14, .43, .077, 1, 11, 7, ¥, , N, 1.00, .10, .001, 1
CANDY, FATTENING, YES, 143, 3, .021, .039, 0.0000, .0079, 1, 0, 3.0, 2, 14, 16, 6.56, , N, 1.14, .43, .077, 1, 20, 2, ¥, , V, 2.18, .12, .002, 1
CANDY, STORE, YES, 143, 3, .021, 0.000, 0.0000, 0.0000, 0, 0, 0.0, 0, 14, 16, 6.56, , N, 1.14, .43, .077, 1, 17, 74, 5.44, N, N, 1.75, .56, .109, 1
CANDY, BABY, YES, 143, 2, .014, 0.000, .0030, .0030, 1, 0, 1.0, 0, 14, 16, 6.56, , N, 1.14, .43, .077, 1, 19, 62, 5.77, , N, 2.05, .63, .140, 1
CANDY, CHILD, YES, 143, 2, .014, 0.000, .0030, .0028, 1, 0, 1.0, 0, 14, 16, 6.56, , N, 1.14, .43, .077, 1, 15, 213, 5.72, , N, 2.60, .53, .163, 1
CANDY, JUNK, YES, 143, 2, .014, 0.000, 0.0000, 0.0000, 0, 0, 0.0, 0, 14, 16, 6.56, , N, 1.14, .43, .077, 1, 19, 8, 5.43, T, N, 1.37, .37, .014, 1
CANE, SUGAR, YES, 139, 38, .273, .079, .0040, .0017, 1, 2, 1.0, 0, 14, 12, 6.93, N, N, 1.25, .33, .030, 1, 12, 34, 6.35, , N, 1.50, .75, .071, 1
CANE, OLD, YES, 139, 25, .180, 0.000, .0270, .0005, 2, 2, 1.0, 1, 14, 12, 6.93, N, N, 1.25, .33, .030, 1, 9, 660, 3.41, , AJ, .38, .75, .532, 1
CANE, CANDY, YES, 139, 10, .072, .091, .0070, .0134, 2, 2, 1.0, 0, 14, 12, 6.93, N, N, 1.25, .33, .030, 1, 14, 16, 6.56, , N, 1.14, .43, .077, 1
CANE, ABLE, YES, 139, 7, .050, 0.000, 0.0000, 0.0000, 0, 2, 0.0, 0, 14, 12, 6.93, N, N, 1.25, .33, .030, 1, 15, 216, 2.91, , AJ, 1.12, .50, .098, 0
CANE, CRUTCH, YES, 139, 5, .036, .042, 0.0000, .0040, 0, 2, 5.0, 4, 14, 12, 6.93, N, N, 1.25, .33, .030, 1, 21, 1, 5.70, , N, 1.84, .05, .002, 0
CANE, ELDERLY, YES, 139, 5, .036, 0.000, .0010, .1265, 1, 2, 1.0, 1, 14, 12, 6.93, N, N, 1.25, .33, .030, 1, 9, 13, ¥, , AJ, 1.14, 0.00, 0.000, 0
CANE, LIMP, YES, 139, 5, .036, 0.000, .0010, .0012, 1, 2, 1.0, 1, 14, 12, 6.93, N, N, 1.25, .33, .030, 1, 22, 12, 4.64, T, V, 1.38, 0.00, 0.000, 0
CANE, WOOD, YES, 139, 5, .036, 0.000, .0020, 0.0000, 2, 2, 0.0, 0, 14, 12, 6.93, N, N, 1.25, .33, .030, 1, 26, 55, 5.81, , N, 1.73, .50, .029, 1
CANE, STICK, YES, 139, 4, .029, 0.000, 0.0000, .0026, 1, 2, 2.0, 2, 14, 12, 6.93, N, N, 1.25, .33, .030, 1, 24, 39, 6.00, N, N, 1.24, .33, .056, 1
CANE, WALK, YES, 139, 4, .029, 0.000, .0020, 0.0000, 2, 2, 0.0, 0, 14, 12, 6.93, N, N, 1.25, .33, .030, 1, 12, 100, 4.28, , V, 1.00, .67, .237, 0
CANE, CRIPPLE, NO, 139, 3, .022, ¥, ¥, ¥, ¥, ¥, ¥, ¥, 14, 12, 6.93, N, N, 1.25, .33, .030, 1, ¥, ¥, ¥, , , ¥, ¥, ¥, 0
CANE, MIAMI, NO, 139, 3, .022, ¥, ¥, ¥, ¥, ¥, ¥, ¥, 14, 12, 6.93, N, N, 1.25, .33, .030, 1, ¥, ¥, ¥, , , ¥, ¥, ¥, 0
CANE, MAN, YES, 139, 2, .014, 0.000, .0060, 0.0000, 1, 2, 0.0, 0, 14, 12, 6.93, N, N, 1.25, .33, .030, 1, 9, 1207, 6.14, , N, .56, .67, .402, 1
CANE, WALKER, YES, 139, 2, .014, .047, 0.0000, .0176, 0, 2, 3.0, 2, 14, 12, 6.93, N, N, 1.25, .33, .030, 1, 23, 17, ¥, T, N, .79, .14, .005, 0
CANNON, BALL, YES, 148, 29, .196, 0.000, 0.0000, 0.0000, 0, 0, 0.0, 0, 16, 7, 6.00, , N, .88, 0.00, 0.000, 1, 17, 110, 6.08, N, N, 1.76, .65, .131, 1
CANNON, GUN, YES, 148, 20, .135, 0.000, .0320, .0074, 3, 0, 3.0, 1, 16, 7, 6.00, , N, .88, 0.00, 0.000, 1, 18, 118, 6.08, G, N, 2.24, .59, .286, 1
CANNON, WAR, YES, 148, 19, .128, 0.000, .0060, .0045, 2, 0, 2.0, 1, 16, 7, 6.00, , N, .88, 0.00, 0.000, 1, 19, 464, 4.73, , N, 2.18, .24, .128, 1
CANNON, FIRE, YES, 148, 6, .041, 0.000, .0070, 0.0000, 3, 0, 0.0, 0, 16, 7, 6.00, , N, .88, 0.00, 0.000, 1, 18, 187, 6.13, N, N, 2.06, .63, .062, 1
CANNON, BOMB, YES, 148, 5, .034, 0.000, .0010, .0168, 1, 0, 3.0, 2, 16, 7, 6.00, , N, .88, 0.00, 0.000, 1, 17, 36, 5.91, , N, 1.50, .63, .131, 1
CANNON, CAMERA, YES, 148, 5, .034, 0.000, 0.0000, 0.0000, 0, 0, 0.0, 0, 16, 7, 6.00, , N, .88, 0.00, 0.000, 1, 8, 36, 6.23, , N, .71, .71, .060, 1
CANNON, LOUD, YES, 148, 5, .034, 0.000, .0010, 0.0000, 2, 0, 0.0, 0, 16, 7, 6.00, , N, .88, 0.00, 0.000, 1, 11, 20, 3.93, , AJ, 1.78, .78, .152, 1
CANNON, WEAPON, YES, 148, 5, .034, 0.000, .0030, .0861, 1, 0, 2.0, 1, 16, 7, 6.00, , N, .88, 0.00, 0.000, 1, 7, 42, 6.38, , N, 1.57, .29, .015, 1
CANNON, SHIP, YES, 148, 3, .020, 0.000, .0030, 0.0000, 1, 0, 0.0, 0, 16, 7, 6.00, , N, .88, 0.00, 0.000, 1, 9, 83, 6.25, N, N, 2.22, .44, .085, 1
CANNON, SHOOT, YES, 148, 3, .020, 0.000, .0330, .0572, 1, 0, 2.0, 1, 16, 7, 6.00, , N, .88, 0.00, 0.000, 1, 12, 27, 4.35, N, V, 2.17, .33, .108, 1
CANNON, BIG, YES, 148, 2, .014, 0.000, 0.0000, 0.0000, 0, 0, 0.0, 0, 16, 7, 6.00, , N, .88, 0.00, 0.000, 1, 9, 360, 2.83, , AJ, 1.44, .67, .293, 1
CANNON, BLACK, YES, 148, 2, .014, 0.000, 0.0000, 0.0000, 0, 0, 0.0, 0, 16, 7, 6.00, , N, .88, 0.00, 0.000, 1, 10, 203, 4.66, , AJ, .50, .50, .381, 1
CANNON, DEEP, YES, 148, 2, .014, 0.000, 0.0000, 0.0000, 0, 0, 0.0, 0, 16, 7, 6.00, , N, .88, 0.00, 0.000, 1, 13, 109, 3.96, T, AJ, 1.85, .31, .128, 1
CANNON, PIRATE, YES, 148, 2, .014, 0.000, 0.0000, .0044, 0, 0, 1.0, 1, 16, 7, 6.00, , N, .88, 0.00, 0.000, 1, 20, 4, ¥, , N, .80, .20, .002, 1
CANNON, PRINTER, YES, 148, 2, .014, 0.000, 0.0000, .0004, 0, 0, 1.0, 1, 16, 7, 6.00, , N, .88, 0.00, 0.000, 1, 15, 18, ¥, , N, 1.57, .29, .019, 1
CANNON, ROCKS, YES, 148, 2, .014, 0.000, 0.0000, 0.0000, 0, 0, 0.0, 0, 16, 7, 6.00, , N, .88, 0.00, 0.000, 1, 20, 23, 6.03, G, N, 1.56, .06, .003, 0
CANOE, BOAT, YES, 119, 51, .429, .016, .0780, .0434, 4, 0, 2.0, 1, 8, 7, 6.50, , N, 2.12, .50, .020, 1, 16, 72, 6.33, , N, 1.62, .63, .201, 1
CANOE, WATER, YES, 119, 14, .118, 0.000, .1710, .0020, 3, 0, 1.0, 0, 8, 7, 6.50, , N, 2.12, .50, .020, 1, 18, 442, 6.27, , N, 2.00, .94, .146, 1
CANOE, PADDLE, YES, 119, 10, .084, .088, .0030, .1332, 2, 0, 4.0, 2, 8, 7, 6.50, , N, 2.12, .50, .020, 1, 14, 1, 5.98, , N, 2.08, .33, .019, 1
CANOE, INDIAN, YES, 119, 9, .076, 0.000, 0.0000, 0.0000, 0, 0, 0.0, 0, 8, 7, 6.50, , N, 2.12, .50, .020, 1, 17, 52, 6.18, , N, .36, .50, .118, 1
CANOE, RIVER, YES, 119, 9, .076, .055, 0.0000, .0325, 0, 0, 3.0, 3, 8, 7, 6.50, , N, 2.12, .50, .020, 1, 20, 165, 5.83, , N, 2.29, .35, .080, 1
CANOE, ROW, YES, 119, 5, .042, 0.000, .0150, .3177, 3, 0, 2.0, 0, 8, 7, 6.50, , N, 2.12, .50, .020, 1, 9, 35, 4.77, N, N, .25, .38, .023, 1
CANOE, SWIM, YES, 119, 4, .034, 0.000, .0090, .0366, 3, 0, 2.0, 0, 8, 7, 6.50, , N, 2.12, .50, .020, 1, 19, 15, 4.85, G, V, 1.94, .69, .076, 1
CANOE, OAR, YES, 119, 3, .025, .043, .0100, .3104, 2, 0, 3.0, 1, 8, 7, 6.50, , N, 2.12, .50, .020, 1, 5, 0, 5.68, , N, 1.80, .60, .014, 1
CANVAS, TENT, YES, 153, 30, .196, 0.000, 0.0000, .0002, 0, 1, 1.0, 1, 16, 19, ¥, , N, 1.33, .20, .003, 1, 15, 20, 5.79, , N, 1.14, .36, .063, 1
CANVAS, SHOES, YES, 153, 19, .124, 0.000, 0.0000, 0.0000, 0, 1, 0.0, 0, 16, 19, ¥, , N, 1.33, .20, .003, 1, 12, 44, 6.63, , N, 1.22, .44, .259, 0
CANVAS, PAINT, YES, 153, 18, .118, 0.000, .0150, .0014, 4, 1, 2.0, 0, 16, 19, ¥, , N, 1.33, .20, .003, 1, 16, 37, 5.73, , N, 1.62, .56, .029, 1
CANVAS, PAINTING, YES, 153, 17, .111, .014, .0040, .0178, 1, 1, 4.0, 3, 16, 19, ¥, , N, 1.33, .20, .003, 1, 18, 59, 6.18, , N, 3.00, .53, .036, 1
CANVAS, TARP, NO, 153, 8, .052, ¥, ¥, ¥, ¥, ¥, ¥, ¥, 16, 19, ¥, , N, 1.33, .20, .003, 1, ¥, ¥, ¥, , , ¥, ¥, ¥, 0
CANVAS, ART, YES, 153, 6, .039, .027, .0340, .0281, 3, 1, 2.0, 1, 16, 19, ¥, , N, 1.